run,total_timesteps,death,dmg_dealt,kill,pool_lost,ep_len_mean,ep_rew_mean,fps,iterations,time_elapsed,death_rate,ep_length_mean,ep_reward_mean,kill_rate,left_rate,timeout_rate,zulrah_min_hp_mean,approx_kl,clip_fraction,clip_range,entropy_loss,explained_variance,learning_rate,loss,n_updates,policy_gradient_loss,value_loss
v2_faithful,8192.0,-0.219,0.00326,0.0,-0.966,6.81,-10.1,151.0,1.0,54.0,0.99,6.81,-10.1,0.0,0.01,0.0,498.0,,,,,,,,,,
v2_faithful,16384.0,-0.114,0.00221,0.0,-0.525,10.4,-10.3,161.0,2.0,101.0,0.99,10.4,-10.3,0.0,0.01,0.0,495.0,0.009102838,0.057,0.2,-2.56,0.0195,0.0003,10.4,10.0,-0.00801,24.3
v2_faithful,24576.0,-0.0525,0.00143,0.0,-0.241,36.2,-10.4,178.0,3.0,137.0,0.93,36.2,-10.4,0.0,0.03,0.0,493.0,0.009430582,0.0566,0.2,-2.55,0.642,0.0003,4.65,20.0,-0.00799,10.6
v2_faithful,32768.0,-0.0686,0.00195,0.0,-0.267,30.7,-9.61,183.0,4.0,178.0,0.96,30.7,-9.61,0.0,0.01,0.0,490.0,0.008976495,0.058,0.2,-2.53,0.77,0.0003,2.91,30.0,-0.0101,5.09
v2_faithful,40960.0,-0.101,0.00239,0.0,-0.441,16.0,-11.1,182.0,5.0,224.0,0.99,16.0,-11.1,0.0,0.0,0.0,495.0,0.0070291115,0.0547,0.2,-2.53,0.7,0.0003,3.62,40.0,-0.00835,6.7
v2_faithful,49152.0,-0.125,0.00275,0.0,-0.531,7.51,-9.87,181.0,6.0,271.0,0.96,7.51,-9.87,0.0,0.04,0.0,496.0,0.0070800167,0.0403,0.2,-2.52,0.67,0.0003,4.67,50.0,-0.00695,9.97
v2_faithful,57344.0,-0.138,0.00321,0.0,-0.605,7.95,-10.0,177.0,7.0,323.0,0.97,7.95,-10.0,0.0,0.03,0.0,496.0,0.0078114485,0.047,0.2,-2.5,0.641,0.0003,5.03,60.0,-0.00875,11.5
v2_faithful,65536.0,-0.0649,0.00169,0.0,-0.299,30.4,-9.9,181.0,8.0,360.0,0.96,30.4,-9.9,0.0,0.01,0.0,493.0,0.0074177505,0.0454,0.2,-2.49,0.627,0.0003,5.58,70.0,-0.00781,12.3
v2_faithful,73728.0,-0.0688,0.00155,0.0,-0.293,22.6,-9.73,182.0,9.0,403.0,0.94,22.6,-9.73,0.0,0.04,0.0,495.0,0.007344627,0.053,0.2,-2.5,0.759,0.0003,3.17,80.0,-0.00811,6.63
v2_faithful,81920.0,-0.118,0.00239,0.0,-0.504,14.5,-11.1,182.0,10.0,449.0,0.99,14.5,-11.1,0.0,0.0,0.0,496.0,0.0068901395,0.0486,0.2,-2.5,0.744,0.0003,2.81,90.0,-0.00946,6.69
v2_faithful,90112.0,-0.131,0.00268,0.0,-0.598,20.9,-10.8,180.0,11.0,500.0,0.95,20.9,-10.8,0.0,0.03,0.0,493.0,0.007795342,0.0437,0.2,-2.48,0.658,0.0003,5.31,100.0,-0.00745,11.4
v2_faithful,98304.0,-0.0957,0.0024,0.0,-0.43,16.2,-10.6,180.0,12.0,543.0,0.99,16.2,-10.6,0.0,0.0,0.0,492.0,0.0072608255,0.0521,0.2,-2.46,0.656,0.0003,6.07,110.0,-0.00737,12.3
v2_faithful,106496.0,-0.104,0.00183,0.0,-0.426,14.1,-10.4,179.0,13.0,594.0,0.97,14.1,-10.4,0.0,0.02,0.0,495.0,0.0062104026,0.0437,0.2,-2.46,0.709,0.0003,4.36,120.0,-0.00695,9.43
v2_faithful,114688.0,-0.0891,0.00207,0.0,-0.389,15.7,-10.5,179.0,14.0,637.0,0.98,15.7,-10.5,0.0,0.01,0.0,493.0,0.008266417,0.0783,0.2,-2.46,0.685,0.0003,4.92,130.0,-0.0105,9.82
v2_faithful,122880.0,-0.0847,0.00188,0.0,-0.363,21.3,-10.5,179.0,15.0,684.0,0.96,21.3,-10.5,0.0,0.02,0.0,494.0,0.006549228,0.0377,0.2,-2.47,0.714,0.0003,4.22,140.0,-0.00669,8.68
v2_faithful,131072.0,-0.0632,0.00167,0.0,-0.271,15.0,-9.75,181.0,16.0,724.0,0.95,15.0,-9.75,0.0,0.04,0.0,494.0,0.0070254235,0.0536,0.2,-2.46,0.71,0.0003,3.4,150.0,-0.00944,8.19
v2_faithful,139264.0,-0.0833,0.00201,0.0,-0.339,15.1,-9.04,181.0,17.0,765.0,0.93,15.1,-9.04,0.0,0.06,0.0,493.0,0.008894958,0.0595,0.2,-2.47,0.746,0.0003,2.99,160.0,-0.00837,6.19
v2_faithful,147456.0,-0.127,0.00256,0.0,-0.532,7.63,-9.46,181.0,18.0,812.0,0.98,7.63,-9.46,0.0,0.02,0.0,495.0,0.007143831,0.0396,0.2,-2.44,0.686,0.0003,4.52,170.0,-0.007,8.36
v2_faithful,155648.0,-0.156,0.0028,0.0,-0.702,14.0,-11.1,180.0,19.0,864.0,0.98,14.0,-11.1,0.0,0.01,0.0,495.0,0.0068290485,0.0422,0.2,-2.42,0.618,0.0003,6.64,180.0,-0.00797,12.6
v2_faithful,163840.0,-0.134,0.00233,0.0,-0.589,10.9,-10.4,179.0,20.0,911.0,0.98,10.9,-10.4,0.0,0.02,0.0,493.0,0.0077947592,0.0697,0.2,-2.36,0.606,0.0003,7.38,190.0,-0.0101,14.2
v2_faithful,172032.0,-0.131,0.00221,0.0,-0.564,14.3,-11.5,178.0,21.0,961.0,0.96,14.3,-11.5,0.0,0.03,0.0,495.0,0.006659841,0.0517,0.2,-2.41,0.631,0.0003,5.65,200.0,-0.00765,12.6
v2_faithful,180224.0,-0.118,0.0045,0.0,-0.521,14.9,-10.6,179.0,22.0,1005.0,0.98,14.9,-10.6,0.0,0.01,0.0,495.0,0.006470598,0.0448,0.2,-2.4,0.639,0.0003,5.99,210.0,-0.00722,12.4
v2_faithful,188416.0,-0.161,0.00444,0.0,-0.687,14.4,-11.3,178.0,23.0,1056.0,0.97,14.4,-11.3,0.0,0.02,0.0,492.0,0.00717052,0.0621,0.2,-2.36,0.642,0.0003,6.23,220.0,-0.00872,11.5
v2_faithful,196608.0,-0.15,0.00443,0.0,-0.735,9.92,-11.2,178.0,24.0,1104.0,0.96,9.92,-11.2,0.0,0.04,0.0,492.0,0.007862393,0.0545,0.2,-2.35,0.542,0.0003,6.59,230.0,-0.00787,15.2
v2_faithful,204800.0,-0.118,0.00408,0.0,-0.48,14.8,-9.68,178.0,25.0,1149.0,0.96,14.8,-9.68,0.0,0.03,0.0,494.0,0.008340957,0.0703,0.2,-2.33,0.597,0.0003,6.96,240.0,-0.00987,14.1
v2_faithful,212992.0,-0.13,0.00436,0.0,-0.54,19.6,-9.35,177.0,26.0,1197.0,0.94,19.6,-9.35,0.0,0.04,0.0,493.0,0.009029379,0.0617,0.2,-2.34,0.608,0.0003,5.87,250.0,-0.00863,11.6
v2_faithful,221184.0,-0.147,0.00498,0.0,-0.654,14.2,-10.0,177.0,27.0,1248.0,0.96,14.2,-10.0,0.0,0.03,0.0,494.0,0.007449606,0.0641,0.2,-2.31,0.602,0.0003,6.33,260.0,-0.00886,12.5
v2_faithful,229376.0,-0.0991,0.00358,0.0,-0.438,9.86,-10.6,177.0,28.0,1293.0,0.98,9.86,-10.6,0.0,0.02,0.0,494.0,0.0071572806,0.0541,0.2,-2.3,0.602,0.0003,6.28,270.0,-0.00746,13.4
v2_faithful,237568.0,-0.111,0.0035,0.0,-0.462,6.79,-11.4,176.0,29.0,1343.0,0.97,6.79,-11.4,0.0,0.03,0.0,493.0,0.006782917,0.0648,0.2,-2.32,0.684,0.0003,4.58,280.0,-0.00875,9.77
v2_faithful,245760.0,-0.116,0.00361,0.0,-0.498,23.7,-10.7,177.0,30.0,1388.0,0.95,23.7,-10.7,0.0,0.03,0.0,487.0,0.00776735,0.0613,0.2,-2.3,0.674,0.0003,4.86,290.0,-0.00759,10.0
v2_faithful,253952.0,-0.123,0.00416,0.0,-0.527,12.5,-11.0,177.0,31.0,1434.0,0.98,12.5,-11.0,0.0,0.01,0.0,493.0,0.0073748454,0.0575,0.2,-2.25,0.659,0.0003,6.37,300.0,-0.00809,11.4
v2_faithful,262144.0,-0.132,0.00482,0.0,-0.613,15.8,-12.5,176.0,32.0,1484.0,0.96,15.8,-12.5,0.0,0.03,0.0,488.0,0.0065804776,0.064,0.2,-2.26,0.636,0.0003,6.53,310.0,-0.00888,12.1
v2_faithful,270336.0,-0.103,0.00469,0.0,-0.44,21.4,-9.84,176.0,33.0,1531.0,0.98,21.4,-9.84,0.0,0.0,0.0,486.0,0.008637453,0.0728,0.2,-2.25,0.643,0.0003,6.26,320.0,-0.00935,12.7
v2_faithful,278528.0,-0.0923,0.00503,0.0,-0.406,20.6,-10.5,177.0,34.0,1573.0,0.97,20.6,-10.5,0.0,0.01,0.0,490.0,0.008353519,0.0611,0.2,-2.29,0.687,0.0003,5.29,330.0,-0.00815,10.2
v2_faithful,286720.0,-0.111,0.00422,0.0,-0.449,13.9,-8.97,176.0,35.0,1622.0,0.93,13.9,-8.97,0.0,0.06,0.0,491.0,0.0072543453,0.0741,0.2,-2.29,0.705,0.0003,4.37,340.0,-0.0084,9.38
v2_faithful,294912.0,-0.13,0.0056,0.0,-0.563,8.64,-10.8,176.0,36.0,1672.0,0.99,8.64,-10.8,0.0,0.01,0.0,487.0,0.008559013,0.0649,0.2,-2.28,0.658,0.0003,4.89,350.0,-0.00863,10.4
v2_faithful,303104.0,-0.133,0.00521,0.0,-0.565,10.5,-10.7,176.0,37.0,1721.0,0.97,10.5,-10.7,0.0,0.03,0.0,486.0,0.007904871,0.066,0.2,-2.23,0.629,0.0003,6.4,360.0,-0.00914,12.8
v2_faithful,311296.0,-0.125,0.00574,0.0,-0.546,8.9,-11.0,175.0,38.0,1771.0,0.98,8.9,-11.0,0.0,0.02,0.0,490.0,0.009519599,0.0696,0.2,-2.21,0.613,0.0003,6.05,370.0,-0.00872,12.9
v2_faithful,319488.0,-0.132,0.0046,0.0,-0.563,13.8,-11.4,175.0,39.0,1822.0,0.97,13.8,-11.4,0.0,0.02,0.0,491.0,0.006997368,0.0475,0.2,-2.2,0.639,0.0003,5.78,380.0,-0.00582,12.3
v2_faithful,327680.0,-0.107,0.00663,0.0,-0.458,34.1,-11.2,175.0,40.0,1866.0,0.95,34.1,-11.2,0.0,0.01,0.0,489.0,0.0072844736,0.0626,0.2,-2.21,0.635,0.0003,5.69,390.0,-0.00811,12.5
v2_faithful,335872.0,-0.133,0.0071,0.0,-0.567,14.7,-10.8,175.0,41.0,1916.0,0.96,14.7,-10.8,0.0,0.03,0.0,488.0,0.0070814877,0.0598,0.2,-2.22,0.652,0.0003,5.49,400.0,-0.00659,11.1
v2_faithful,344064.0,-0.114,0.006,0.0,-0.488,8.36,-10.4,175.0,42.0,1963.0,0.95,8.36,-10.4,0.0,0.05,0.0,490.0,0.007087726,0.0487,0.2,-2.2,0.61,0.0003,6.9,410.0,-0.00596,12.7
v2_faithful,352256.0,-0.116,0.00638,0.0,-0.473,13.6,-10.1,175.0,43.0,2009.0,0.98,13.6,-10.1,0.0,0.01,0.0,491.0,0.0057967,0.0489,0.2,-2.2,0.645,0.0003,5.6,420.0,-0.00669,11.5
v2_faithful,360448.0,-0.108,0.00699,0.0,-0.472,14.8,-11.9,175.0,44.0,2057.0,0.97,14.8,-11.9,0.0,0.02,0.0,485.0,0.0078506265,0.0578,0.2,-2.2,0.642,0.0003,6.24,430.0,-0.0076,11.2
v2_faithful,368640.0,-0.0891,0.00559,0.0,-0.365,27.1,-9.89,175.0,45.0,2102.0,0.95,27.1,-9.89,0.0,0.02,0.0,484.0,0.006895111,0.0539,0.2,-2.22,0.646,0.0003,5.04,440.0,-0.00733,11.1
v2_faithful,376832.0,-0.0925,0.00637,0.0,-0.403,17.0,-10.9,175.0,46.0,2148.0,0.96,17.0,-10.9,0.0,0.03,0.0,478.0,0.0058083106,0.0517,0.2,-2.28,0.679,0.0003,4.97,450.0,-0.00708,8.69
v2_faithful,385024.0,-0.116,0.00781,0.0,-0.467,14.5,-9.43,175.0,47.0,2196.0,0.98,14.5,-9.43,0.0,0.01,0.0,486.0,0.0068507334,0.0496,0.2,-2.25,0.66,0.0003,4.42,460.0,-0.008,9.68
v2_faithful,393216.0,-0.139,0.00789,0.0,-0.567,20.0,-9.67,175.0,48.0,2246.0,0.95,20.0,-9.67,0.0,0.03,0.0,490.0,0.0067113694,0.0583,0.2,-2.2,0.616,0.0003,5.74,470.0,-0.00873,11.7
v2_faithful,401408.0,-0.12,0.00942,0.0,-0.518,10.2,-9.63,174.0,49.0,2296.0,0.93,10.2,-9.63,0.0,0.07,0.0,482.0,0.006977343,0.0607,0.2,-2.13,0.576,0.0003,6.37,480.0,-0.00716,13.5
v2_faithful,409600.0,-0.0798,0.0052,0.0,-0.312,26.7,-8.76,175.0,50.0,2339.0,0.93,26.7,-8.76,0.0,0.04,0.0,484.0,0.007001005,0.0573,0.2,-2.17,0.629,0.0003,6.26,490.0,-0.00678,11.5
v2_faithful,417792.0,-0.0962,0.00957,0.0,-0.408,17.5,-10.1,175.0,51.0,2382.0,0.99,17.5,-10.1,0.0,0.0,0.0,467.0,0.009027004,0.074,0.2,-2.27,0.681,0.0003,3.38,500.0,-0.00854,7.88
v2_faithful,425984.0,-0.124,0.0106,0.0,-0.544,16.2,-9.89,175.0,52.0,2429.0,0.98,16.2,-9.89,0.0,0.01,0.0,478.0,0.008184781,0.0631,0.2,-2.19,0.632,0.0003,5.79,510.0,-0.00802,10.2
v2_faithful,434176.0,-0.105,0.00745,0.0,-0.42,27.6,-8.99,175.0,53.0,2473.0,0.93,27.6,-8.99,0.0,0.04,0.0,482.0,0.007995598,0.0555,0.2,-2.13,0.619,0.0003,5.43,520.0,-0.00795,11.9
v2_faithful,442368.0,-0.111,0.00822,0.0,-0.493,13.4,-11.3,175.0,54.0,2519.0,0.97,13.4,-11.3,0.0,0.02,0.0,484.0,0.007911063,0.0739,0.2,-2.17,0.642,0.0003,5.23,530.0,-0.0097,10.7
v2_faithful,450560.0,-0.115,0.00952,0.0,-0.495,28.6,-10.2,175.0,55.0,2569.0,0.92,28.6,-10.2,0.0,0.05,0.0,473.0,0.007428079,0.0547,0.2,-2.15,0.651,0.0003,5.82,540.0,-0.00646,11.4
v2_faithful,458752.0,-0.111,0.00685,0.0,-0.472,14.5,-9.83,175.0,56.0,2618.0,0.98,14.5,-9.83,0.0,0.01,0.0,485.0,0.0077604493,0.0524,0.2,-2.16,0.641,0.0003,6.04,550.0,-0.00631,10.9
v2_faithful,466944.0,-0.134,0.0101,0.0,-0.524,13.3,-10.2,174.0,57.0,2668.0,0.96,13.3,-10.2,0.0,0.03,0.0,484.0,0.007988324,0.0614,0.2,-2.15,0.649,0.0003,5.07,560.0,-0.00892,10.9
v2_faithful,475136.0,-0.135,0.00885,0.0,-0.604,8.81,-11.3,174.0,58.0,2721.0,0.98,8.81,-11.3,0.0,0.02,0.0,480.0,0.008398112,0.059,0.2,-2.11,0.597,0.0003,6.46,570.0,-0.00764,12.8
v2_faithful,483328.0,-0.0874,0.00631,0.0,-0.357,16.6,-10.0,174.0,59.0,2764.0,0.95,16.6,-10.0,0.0,0.04,0.0,482.0,0.007683574,0.0627,0.2,-2.11,0.641,0.0003,6.3,580.0,-0.00741,12.3
v2_faithful,491520.0,-0.083,0.00699,0.0,-0.33,28.6,-8.78,174.0,60.0,2810.0,0.95,28.6,-8.78,0.0,0.02,0.0,477.0,0.009770725,0.0674,0.2,-2.19,0.674,0.0003,4.15,590.0,-0.00624,9.2
v2_faithful,499712.0,-0.0957,0.00961,0.0,-0.445,17.4,-10.7,175.0,61.0,2854.0,0.95,17.4,-10.7,0.0,0.04,0.0,471.0,0.008427972,0.0717,0.2,-2.21,0.676,0.0003,4.35,600.0,-0.00826,8.49
v2_faithful,507904.0,-0.0671,0.00539,0.0,-0.298,24.2,-10.4,175.0,62.0,2893.0,0.96,24.2,-10.4,0.0,0.02,0.0,479.0,0.00954816,0.0701,0.2,-2.16,0.687,0.0003,4.32,610.0,-0.00678,9.8
v2_faithful,516096.0,-0.0769,0.0069,0.0,-0.318,33.5,-9.86,175.0,63.0,2932.0,0.93,33.5,-9.86,0.0,0.03,0.0,478.0,0.0078104828,0.08,0.2,-2.2,0.724,0.0003,3.68,620.0,-0.00909,7.44
v2_faithful,524288.0,-0.0974,0.0074,0.0,-0.399,15.0,-8.75,176.0,64.0,2975.0,0.93,15.0,-8.75,0.0,0.06,0.0,484.0,0.007729929,0.0571,0.2,-2.19,0.687,0.0003,4.27,630.0,-0.00803,8.15
v2_faithful,532480.0,-0.111,0.00641,0.0,-0.485,26.7,-10.5,176.0,65.0,3021.0,0.95,26.7,-10.5,0.0,0.02,0.0,487.0,0.00865712,0.0626,0.2,-2.12,0.641,0.0003,5.26,640.0,-0.00738,10.3
v2_faithful,540672.0,-0.111,0.00893,0.0,-0.478,15.2,-10.5,176.0,66.0,3066.0,0.96,15.2,-10.5,0.0,0.03,0.0,477.0,0.007209938,0.0644,0.2,-2.1,0.636,0.0003,5.61,650.0,-0.00811,11.6
v2_faithful,548864.0,-0.112,0.00817,0.0,-0.499,16.9,-11.8,176.0,67.0,3111.0,0.97,16.9,-11.8,0.0,0.02,0.0,479.0,0.007790263,0.0665,0.2,-2.09,0.648,0.0003,6.1,660.0,-0.00875,11.5
v2_faithful,557056.0,-0.117,0.00729,0.0,-0.488,9.1,-10.7,176.0,68.0,3161.0,0.99,9.1,-10.7,0.0,0.01,0.0,486.0,0.0071685286,0.0706,0.2,-2.11,0.655,0.0003,5.42,670.0,-0.00948,11.5
v2_faithful,565248.0,-0.0986,0.00773,0.0,-0.451,27.8,-9.16,176.0,69.0,3207.0,0.93,27.8,-9.16,0.0,0.04,0.0,476.0,0.008129869,0.0652,0.2,-2.13,0.635,0.0003,6.41,680.0,-0.00826,11.5
v2_faithful,573440.0,-0.129,0.0105,0.0,-0.529,7.92,-9.67,176.0,70.0,3255.0,0.96,7.92,-9.67,0.0,0.04,0.0,484.0,0.007967693,0.0572,0.2,-2.16,0.69,0.0003,4.71,690.0,-0.0075,9.75
v2_faithful,581632.0,-0.137,0.0106,0.0,-0.619,15.5,-11.5,176.0,71.0,3303.0,0.96,15.5,-11.5,0.0,0.03,0.0,472.0,0.008872068,0.064,0.2,-2.1,0.609,0.0003,6.01,700.0,-0.0082,12.7
v2_faithful,589824.0,-0.141,0.00965,0.0,-0.609,15.0,-10.2,175.0,72.0,3352.0,0.97,15.0,-10.2,0.0,0.02,0.0,484.0,0.007929347,0.0631,0.2,-2.06,0.587,0.0003,7.62,710.0,-0.0077,13.8
v2_faithful,598016.0,-0.107,0.00717,0.0,-0.468,21.9,-10.5,175.0,73.0,3400.0,0.96,21.9,-10.5,0.0,0.02,0.0,483.0,0.008513933,0.0593,0.2,-2.08,0.592,0.0003,6.46,720.0,-0.00735,13.9
v2_faithful,606208.0,-0.0798,0.00558,0.0,-0.325,28.0,-8.96,176.0,74.0,3440.0,0.92,28.0,-8.96,0.0,0.05,0.0,485.0,0.0071063275,0.0616,0.2,-2.16,0.671,0.0003,6.48,730.0,-0.00961,10.7
v2_faithful,614400.0,-0.0942,0.00726,0.0,-0.415,37.6,-9.83,176.0,75.0,3485.0,0.93,37.6,-9.83,0.0,0.02,0.0,487.0,0.01278114,0.104,0.2,-2.2,0.685,0.0003,4.22,740.0,-0.00881,8.43
v2_faithful,622592.0,-0.123,0.00788,0.0,-0.546,21.9,-9.81,176.0,76.0,3531.0,0.9,21.9,-9.81,0.0,0.08,0.0,481.0,0.008043345,0.0695,0.2,-2.16,0.68,0.0003,5.3,750.0,-0.0083,9.74
v2_faithful,630784.0,-0.0872,0.00606,0.0,-0.377,26.8,-10.4,176.0,77.0,3577.0,0.96,26.8,-10.4,0.0,0.01,0.0,484.0,0.009770433,0.0918,0.2,-2.1,0.644,0.0003,5.67,760.0,-0.00798,12.2
v2_faithful,638976.0,-0.0605,0.00399,0.0,-0.237,30.1,-8.79,176.0,78.0,3617.0,0.94,30.1,-8.79,0.0,0.03,0.0,483.0,0.0073473174,0.0574,0.2,-2.18,0.696,0.0003,4.35,770.0,-0.00666,9.12
v2_faithful,647168.0,-0.0962,0.00496,0.0,-0.395,19.8,-9.92,176.0,79.0,3664.0,0.94,19.8,-9.92,0.0,0.04,0.0,490.0,0.010065248,0.0711,0.2,-2.25,0.693,0.0003,2.77,780.0,-0.00621,6.42
v2_faithful,655360.0,-0.0959,0.00436,0.0,-0.406,20.5,-9.19,176.0,80.0,3709.0,0.96,20.5,-9.19,0.0,0.02,0.0,491.0,0.008371891,0.0545,0.2,-2.15,0.654,0.0003,4.96,790.0,-0.00915,10.0
v2_faithful,663552.0,-0.108,0.00669,0.0,-0.471,15.7,-10.4,176.0,81.0,3752.0,0.93,15.7,-10.4,0.0,0.06,0.0,482.0,0.0066022044,0.0566,0.2,-2.15,0.672,0.0003,5.35,800.0,-0.00845,9.81
v2_faithful,671744.0,-0.133,0.00832,0.0,-0.587,13.1,-11.3,176.0,82.0,3800.0,0.92,13.1,-11.3,0.0,0.07,0.0,491.0,0.008292376,0.0616,0.2,-2.1,0.668,0.0003,5.04,810.0,-0.00893,11.1
v2_faithful,679936.0,-0.0925,0.00644,0.0,-0.375,18.3,-9.46,176.0,83.0,3843.0,0.95,18.3,-9.46,0.0,0.04,0.0,477.0,0.005883597,0.049,0.2,-2.01,0.639,0.0003,6.34,820.0,-0.00481,13.0
v2_faithful,688128.0,-0.0657,0.00519,0.0,-0.265,28.6,-9.41,177.0,84.0,3882.0,0.92,28.6,-9.41,0.0,0.05,0.0,478.0,0.010166204,0.0833,0.2,-2.15,0.676,0.0003,5.3,830.0,-0.00786,9.26
v2_faithful,696320.0,-0.121,0.0077,0.0,-0.467,7.24,-10.4,177.0,85.0,3930.0,0.99,7.24,-10.4,0.0,0.01,0.0,482.0,0.008025957,0.0755,0.2,-2.21,0.698,0.0003,4.04,840.0,-0.00866,7.15
v2_faithful,704512.0,-0.0974,0.00712,0.0,-0.393,39.7,-8.41,177.0,86.0,3973.0,0.9,39.7,-8.41,0.0,0.05,0.0,478.0,0.0077235866,0.0645,0.2,-2.09,0.611,0.0003,5.3,850.0,-0.00797,11.8
v2_faithful,712704.0,-0.0991,0.00901,0.0,-0.407,21.4,-10.2,177.0,87.0,4019.0,0.96,21.4,-10.2,0.0,0.02,0.0,483.0,0.0072011794,0.0572,0.2,-2.13,0.662,0.0003,4.55,860.0,-0.00827,9.46
v2_faithful,720896.0,-0.11,0.00849,0.0,-0.437,20.5,-10.2,177.0,88.0,4066.0,0.92,20.5,-10.2,0.0,0.06,0.0,482.0,0.0061810855,0.053,0.2,-2.14,0.65,0.0003,4.77,870.0,-0.00681,10.0
v2_faithful,729088.0,-0.132,0.0119,0.0,-0.556,5.97,-10.4,177.0,89.0,4116.0,0.99,5.97,-10.4,0.0,0.01,0.0,487.0,0.006645981,0.052,0.2,-2.13,0.627,0.0003,5.05,880.0,-0.00672,10.5
v2_faithful,737280.0,-0.116,0.00804,0.0,-0.501,20.6,-11.9,176.0,90.0,4166.0,0.94,20.6,-11.9,0.0,0.04,0.0,476.0,0.007862292,0.0592,0.2,-2.08,0.589,0.0003,6.38,890.0,-0.00887,13.0
v2_faithful,745472.0,-0.0637,0.00659,0.0,-0.258,26.7,-8.97,177.0,91.0,4204.0,0.95,26.7,-8.97,0.0,0.03,0.0,468.0,0.009052662,0.0909,0.2,-2.13,0.657,0.0003,5.77,900.0,-0.0109,10.8
v2_faithful,753664.0,-0.0916,0.00891,0.0,-0.324,32.8,-9.25,177.0,92.0,4252.0,0.94,32.8,-9.25,0.0,0.02,0.0,477.0,0.00992936,0.0833,0.2,-2.21,0.701,0.0003,3.11,910.0,-0.00894,6.8
v2_faithful,761856.0,-0.132,0.01,0.0,-0.514,8.52,-9.76,177.0,93.0,4304.0,0.98,8.52,-9.76,0.0,0.02,0.0,480.0,0.007935185,0.0629,0.2,-2.17,0.616,0.0003,5.03,920.0,-0.00819,8.79
v2_faithful,770048.0,-0.104,0.0095,0.0,-0.454,14.2,-10.4,176.0,94.0,4350.0,0.96,14.2,-10.4,0.0,0.03,0.0,482.0,0.007726154,0.0672,0.2,-2.08,0.566,0.0003,6.6,930.0,-0.00802,12.7
v2_faithful,778240.0,-0.104,0.0099,0.0,-0.408,8.44,-9.54,176.0,95.0,4396.0,0.97,8.44,-9.54,0.0,0.03,0.0,475.0,0.010856951,0.088,0.2,-2.11,0.644,0.0003,5.65,940.0,-0.00847,10.7
v2_faithful,786432.0,-0.115,0.00885,0.0,-0.479,7.76,-10.9,176.0,96.0,4445.0,0.96,7.76,-10.9,0.0,0.04,0.0,483.0,0.007204449,0.0519,0.2,-2.13,0.646,0.0003,4.69,950.0,-0.00767,10.2
v2_faithful,794624.0,-0.157,0.0126,0.0,-0.657,8.3,-10.9,176.0,97.0,4498.0,0.99,8.3,-10.9,0.0,0.01,0.0,481.0,0.007300754,0.0443,0.2,-2.13,0.635,0.0003,6.17,960.0,-0.0072,11.3
v2_faithful,802816.0,-0.116,0.0118,0.0,-0.508,15.4,-10.2,176.0,98.0,4547.0,0.98,15.4,-10.2,0.0,0.01,0.0,474.0,0.008230383,0.0688,0.2,-2.04,0.568,0.0003,7.7,970.0,-0.00921,14.8
v2_faithful,811008.0,-0.112,0.0111,0.0,-0.465,14.7,-10.1,176.0,99.0,4594.0,0.99,14.7,-10.1,0.0,0.0,0.0,480.0,0.009989319,0.0806,0.2,-2.08,0.643,0.0003,5.18,980.0,-0.00836,11.4
v2_faithful,819200.0,-0.128,0.013,0.0,-0.569,26.9,-10.5,176.0,100.0,4641.0,0.95,26.9,-10.5,0.0,0.02,0.0,472.0,0.0071434774,0.0609,0.2,-2.09,0.632,0.0003,6.02,990.0,-0.00744,11.3
v2_faithful,827392.0,-0.148,0.0127,0.0,-0.607,13.5,-9.04,176.0,101.0,4695.0,0.95,13.5,-9.04,0.0,0.04,0.0,478.0,0.009780915,0.0711,0.2,-2.05,0.617,0.0003,5.9,1000.0,-0.00768,13.0
v2_faithful,835584.0,-0.12,0.0113,0.0,-0.49,27.8,-10.3,176.0,102.0,4744.0,0.95,27.8,-10.3,0.0,0.02,0.0,477.0,0.0069865948,0.0485,0.2,-2.06,0.584,0.0003,6.34,1010.0,-0.00618,13.7
v2_faithful,843776.0,-0.124,0.0107,0.0,-0.533,32.7,-9.99,176.0,103.0,4793.0,0.92,32.7,-9.99,0.0,0.04,0.0,479.0,0.0068993443,0.0627,0.2,-2.1,0.606,0.0003,6.05,1020.0,-0.00847,12.0
v2_faithful,851968.0,-0.119,0.0116,0.0,-0.492,14.5,-9.2,175.0,104.0,4843.0,0.96,14.5,-9.2,0.0,0.03,0.0,473.0,0.008285819,0.0685,0.2,-2.08,0.621,0.0003,6.55,1030.0,-0.00724,12.3
v2_faithful,860160.0,-0.101,0.01,0.0,-0.426,25.8,-10.0,175.0,105.0,4890.0,0.94,25.8,-10.0,0.0,0.03,0.0,480.0,0.008818388,0.0695,0.2,-2.12,0.618,0.0003,5.81,1040.0,-0.00829,11.8
v2_faithful,868352.0,-0.129,0.0107,0.0,-0.543,19.9,-12.0,175.0,106.0,4939.0,0.98,19.9,-12.0,0.0,0.0,0.0,476.0,0.008343652,0.0629,0.2,-2.15,0.65,0.0003,4.94,1050.0,-0.00845,10.2
v2_faithful,876544.0,-0.131,0.0118,0.0,-0.51,26.3,-9.13,175.0,107.0,4986.0,0.95,26.3,-9.13,0.0,0.02,0.0,475.0,0.007609628,0.0676,0.2,-2.1,0.617,0.0003,6.27,1060.0,-0.00878,12.7
v2_faithful,884736.0,-0.169,0.0163,0.0,-0.74,13.4,-10.6,175.0,108.0,5040.0,0.96,13.4,-10.6,0.0,0.03,0.0,480.0,0.008325398,0.0575,0.2,-2.07,0.588,0.0003,6.39,1070.0,-0.0073,12.9
v2_faithful,892928.0,-0.15,0.0149,0.0,-0.606,19.9,-9.09,175.0,109.0,5091.0,0.94,19.9,-9.09,0.0,0.04,0.0,475.0,0.007883065,0.0509,0.2,-1.97,0.551,0.0003,8.97,1080.0,-0.00654,16.0
v2_faithful,901120.0,-0.138,0.014,0.0,-0.594,20.1,-9.81,175.0,110.0,5142.0,0.94,20.1,-9.81,0.0,0.04,0.0,468.0,0.006369395,0.0538,0.2,-2.02,0.573,0.0003,7.3,1090.0,-0.00723,14.4
v2_faithful,909312.0,-0.147,0.0148,0.0,-0.663,14.1,-11.5,175.0,111.0,5195.0,0.99,14.1,-11.5,0.0,0.0,0.0,480.0,0.006787144,0.0578,0.2,-2.02,0.609,0.0003,6.16,1100.0,-0.00728,13.4
v2_faithful,917504.0,-0.0918,0.0125,0.0,-0.375,21.2,-9.66,175.0,112.0,5239.0,0.93,21.2,-9.66,0.0,0.05,0.0,469.0,0.008649975,0.0827,0.2,-2.0,0.615,0.0003,6.38,1110.0,-0.00768,13.6
v2_faithful,925696.0,-0.0901,0.00998,0.0,-0.353,28.4,-9.48,175.0,113.0,5284.0,0.91,28.4,-9.48,0.0,0.06,0.0,467.0,0.0077008777,0.0889,0.2,-2.11,0.667,0.0003,4.98,1120.0,-0.00958,9.51
v2_faithful,933888.0,-0.105,0.013,0.0,-0.413,28.4,-9.36,175.0,114.0,5330.0,0.92,28.4,-9.36,0.0,0.05,0.0,464.0,0.0078120297,0.0578,0.2,-2.12,0.661,0.0003,3.96,1130.0,-0.00743,9.13
v2_faithful,942080.0,-0.109,0.0128,0.0,-0.478,26.9,-9.85,175.0,115.0,5376.0,0.95,26.9,-9.85,0.0,0.02,0.0,468.0,0.0071547385,0.0503,0.2,-2.08,0.628,0.0003,4.92,1140.0,-0.00668,10.8
v2_faithful,950272.0,-0.113,0.0182,0.0,-0.478,9.88,-11.1,175.0,116.0,5420.0,1.0,9.88,-11.1,0.0,0.0,0.0,460.0,0.007853134,0.081,0.2,-2.05,0.646,0.0003,5.06,1150.0,-0.00902,11.0
v2_faithful,958464.0,-0.101,0.0121,0.0,-0.427,20.9,-9.64,175.0,117.0,5466.0,0.92,20.9,-9.64,0.0,0.06,0.0,473.0,0.008486817,0.0771,0.2,-1.99,0.615,0.0003,5.14,1160.0,-0.0094,11.8
v2_faithful,966656.0,-0.0989,0.0119,0.0,-0.417,15.2,-10.8,175.0,118.0,5510.0,0.97,15.2,-10.8,0.0,0.02,0.0,471.0,0.0076737884,0.0563,0.2,-2.06,0.672,0.0003,4.67,1170.0,-0.00772,10.0
v2_faithful,974848.0,-0.135,0.0139,0.0,-0.578,19.9,-11.5,175.0,119.0,5562.0,0.94,19.9,-11.5,0.0,0.04,0.0,467.0,0.0073364573,0.057,0.2,-2.04,0.645,0.0003,4.48,1180.0,-0.00685,10.3
v2_faithful,983040.0,-0.15,0.0152,0.0,-0.628,16.6,-9.86,175.0,120.0,5614.0,0.99,16.6,-9.86,0.0,0.0,0.0,467.0,0.00550322,0.0468,0.2,-1.97,0.621,0.0003,6.88,1190.0,-0.00839,12.6
v2_faithful,991232.0,-0.105,0.014,0.0,-0.463,21.1,-9.84,175.0,121.0,5658.0,0.98,21.1,-9.84,0.0,0.0,0.0,463.0,0.006836284,0.0523,0.2,-1.92,0.593,0.0003,7.2,1200.0,-0.00687,13.8
v2_faithful,999424.0,-0.111,0.0154,0.0,-0.495,14.8,-10.1,175.0,122.0,5706.0,0.98,14.8,-10.1,0.0,0.01,0.0,466.0,0.0063526314,0.0522,0.2,-1.98,0.66,0.0003,5.41,1210.0,-0.00695,10.6
v2_faithful,1007616.0,-0.128,0.0148,0.0,-0.54,14.6,-10.6,175.0,123.0,5754.0,0.92,14.6,-10.6,0.0,0.07,0.0,474.0,0.008183669,0.0781,0.2,-1.97,0.666,0.0003,5.07,1220.0,-0.0067,11.1
v2_faithful,1015808.0,-0.128,0.0174,0.0,-0.568,14.2,-10.6,175.0,124.0,5802.0,0.98,14.2,-10.6,0.0,0.01,0.0,470.0,0.0069012814,0.0593,0.2,-1.93,0.61,0.0003,4.93,1230.0,-0.00749,12.7
v2_faithful,1024000.0,-0.11,0.0141,0.0,-0.459,20.6,-9.01,175.0,125.0,5846.0,0.94,20.6,-9.01,0.0,0.04,0.0,465.0,0.0065505668,0.0508,0.2,-1.9,0.619,0.0003,7.04,1240.0,-0.00822,12.7
v2_faithful,1032192.0,-0.109,0.014,0.0,-0.444,8.36,-9.5,175.0,126.0,5893.0,0.95,8.36,-9.5,0.0,0.05,0.0,469.0,0.0071757264,0.0702,0.2,-1.92,0.641,0.0003,5.09,1250.0,-0.00824,11.1
v2_faithful,1040384.0,-0.083,0.011,0.0,-0.354,14.0,-9.69,175.0,127.0,5935.0,0.96,14.0,-9.69,0.0,0.03,0.0,468.0,0.006788158,0.0532,0.2,-1.98,0.64,0.0003,5.22,1260.0,-0.00754,10.6
v2_faithful,1048576.0,-0.116,0.0152,0.0,-0.47,27.0,-9.41,175.0,128.0,5983.0,0.93,27.0,-9.41,0.0,0.04,0.0,471.0,0.006533879,0.0495,0.2,-2.03,0.682,0.0003,4.24,1270.0,-0.00666,8.66
v2_faithful,1056768.0,-0.114,0.0154,0.0,-0.481,26.9,-9.93,175.0,129.0,6030.0,0.96,26.9,-9.93,0.0,0.01,0.0,466.0,0.010591559,0.0845,0.2,-1.96,0.62,0.0003,6.54,1280.0,-0.00665,11.6
v2_faithful,1064960.0,-0.0852,0.0105,0.0,-0.368,27.5,-11.0,175.0,130.0,6072.0,0.96,27.5,-11.0,0.0,0.01,0.0,465.0,0.0071258172,0.0642,0.2,-1.94,0.639,0.0003,6.01,1290.0,-0.00838,11.2
v2_faithful,1073152.0,-0.111,0.0138,0.0,-0.451,21.2,-10.6,175.0,131.0,6119.0,0.96,21.2,-10.6,0.0,0.02,0.0,470.0,0.007287664,0.0658,0.2,-2.05,0.695,0.0003,3.41,1300.0,-0.00849,8.44
v2_faithful,1081344.0,-0.136,0.016,0.0,-0.639,8.16,-12.3,175.0,132.0,6169.0,1.0,8.16,-12.3,0.0,0.0,0.0,475.0,0.005724212,0.0447,0.2,-1.99,0.631,0.0003,5.29,1310.0,-0.00732,11.0
v2_faithful,1089536.0,-0.0969,0.012,0.0,-0.424,8.88,-10.5,175.0,133.0,6213.0,1.0,8.88,-10.5,0.0,0.0,0.0,471.0,0.0059398543,0.0565,0.2,-1.9,0.632,0.0003,6.38,1320.0,-0.00688,13.1
v2_faithful,1097728.0,-0.0891,0.0122,0.0,-0.358,20.0,-8.66,175.0,134.0,6256.0,0.96,20.0,-8.66,0.0,0.02,0.0,466.0,0.00861883,0.0751,0.2,-2.0,0.678,0.0003,4.56,1330.0,-0.00845,10.0
v2_faithful,1105920.0,-0.111,0.014,0.0,-0.498,15.4,-11.6,175.0,135.0,6303.0,0.98,15.4,-11.6,0.0,0.01,0.0,465.0,0.0066079884,0.0617,0.2,-2.01,0.66,0.0003,4.7,1340.0,-0.00628,9.21
v2_faithful,1114112.0,-0.135,0.0179,0.0,-0.585,13.1,-10.6,175.0,136.0,6352.0,0.98,13.1,-10.6,0.0,0.01,0.0,475.0,0.005695435,0.0481,0.2,-1.92,0.664,0.0003,5.38,1350.0,-0.00765,10.9
v2_faithful,1122304.0,-0.135,0.0172,0.0,-0.552,7.85,-10.3,175.0,137.0,6400.0,0.99,7.85,-10.3,0.0,0.01,0.0,469.0,0.00581022,0.0544,0.2,-1.84,0.606,0.0003,7.08,1360.0,-0.00646,13.4
v2_faithful,1130496.0,-0.133,0.0159,0.0,-0.642,20.3,-11.4,175.0,138.0,6452.0,0.96,20.3,-11.4,0.0,0.02,0.0,474.0,0.0068971775,0.065,0.2,-1.85,0.594,0.0003,5.82,1370.0,-0.00778,13.2
v2_faithful,1138688.0,-0.0881,0.0134,0.0,-0.368,28.4,-9.63,175.0,139.0,6494.0,0.94,28.4,-9.63,0.0,0.03,0.0,465.0,0.007708707,0.0716,0.2,-1.87,0.662,0.0003,6.45,1380.0,-0.0065,12.1
v2_faithful,1146880.0,-0.117,0.0155,0.0,-0.493,14.0,-9.16,175.0,140.0,6542.0,0.94,14.0,-9.16,0.0,0.05,0.0,468.0,0.011708184,0.0935,0.2,-1.96,0.676,0.0003,4.33,1390.0,-0.0084,9.37
v2_faithful,1155072.0,-0.165,0.0209,0.0,-0.709,5.78,-11.4,175.0,141.0,6595.0,0.99,5.78,-11.4,0.0,0.01,0.0,476.0,0.005630117,0.0577,0.2,-1.9,0.641,0.0003,5.68,1400.0,-0.00879,11.4
v2_faithful,1163264.0,-0.1,0.0136,0.0,-0.449,18.2,-10.1,175.0,142.0,6638.0,0.96,18.2,-10.1,0.0,0.03,0.0,456.0,0.004912186,0.05,0.2,-1.76,0.566,0.0003,7.62,1410.0,-0.00555,15.5
v2_faithful,1171456.0,-0.092,0.0125,0.0,-0.391,22.0,-9.9,175.0,143.0,6680.0,0.96,22.0,-9.9,0.0,0.02,0.0,461.0,0.009671702,0.0911,0.2,-1.94,0.688,0.0003,5.63,1420.0,-0.00755,10.1
v2_faithful,1179648.0,-0.13,0.0159,0.0,-0.534,20.3,-11.4,175.0,144.0,6733.0,0.95,20.3,-11.4,0.0,0.03,0.0,473.0,0.008140533,0.0806,0.2,-1.96,0.679,0.0003,4.47,1430.0,-0.00798,9.24
v2_faithful,1187840.0,-0.104,0.0129,0.0,-0.444,14.0,-8.69,175.0,145.0,6780.0,0.97,14.0,-8.69,0.0,0.02,0.0,466.0,0.0070683584,0.0555,0.2,-1.88,0.617,0.0003,6.51,1440.0,-0.00723,12.0
v2_faithful,1196032.0,-0.106,0.0145,0.0,-0.433,13.2,-9.1,175.0,146.0,6826.0,0.99,13.2,-9.1,0.0,0.0,0.0,473.0,0.005595498,0.0381,0.2,-1.93,0.65,0.0003,4.46,1450.0,-0.00751,10.4
v2_faithful,1204224.0,-0.125,0.0174,0.0,-0.584,12.4,-9.66,175.0,147.0,6873.0,0.94,12.4,-9.66,0.0,0.05,0.0,470.0,0.0054964973,0.0534,0.2,-1.89,0.623,0.0003,5.86,1460.0,-0.00738,10.9
v2_faithful,1212416.0,-0.132,0.0169,0.0,-0.542,13.9,-9.87,175.0,148.0,6921.0,0.98,13.9,-9.87,0.0,0.01,0.0,470.0,0.0113105085,0.101,0.2,-1.8,0.637,0.0003,5.42,1470.0,-0.00518,12.0
v2_faithful,1220608.0,-0.123,0.0164,0.0,-0.499,13.0,-9.21,175.0,149.0,6970.0,0.91,13.0,-9.21,0.0,0.08,0.0,469.0,0.0059533305,0.0541,0.2,-1.79,0.604,0.0003,6.1,1480.0,-0.00717,12.9
v2_faithful,1228800.0,-0.138,0.0183,0.0,-0.59,19.6,-11.0,175.0,150.0,7019.0,0.98,19.6,-11.0,0.0,0.0,0.0,468.0,0.006452117,0.0647,0.2,-1.84,0.629,0.0003,6.44,1490.0,-0.00731,11.8
v2_faithful,1236992.0,-0.138,0.0169,0.0,-0.636,20.0,-11.7,175.0,151.0,7067.0,0.97,20.0,-11.7,0.0,0.01,0.0,472.0,0.0069483304,0.0618,0.2,-1.76,0.614,0.0003,6.9,1500.0,-0.00662,13.3
v2_faithful,1245184.0,-0.11,0.0156,0.0,-0.469,9.91,-10.5,175.0,152.0,7111.0,0.98,9.91,-10.5,0.0,0.02,0.0,465.0,0.0057512773,0.0487,0.2,-1.75,0.633,0.0003,5.79,1510.0,-0.00555,13.1
v2_faithful,1253376.0,-0.121,0.0168,0.0,-0.497,31.3,-9.93,175.0,153.0,7161.0,0.91,31.3,-9.93,0.0,0.05,0.0,465.0,0.009468045,0.0859,0.2,-1.83,0.652,0.0003,5.4,1520.0,-0.00716,11.1
v2_faithful,1261568.0,-0.131,0.018,0.0,-0.543,9.12,-10.2,175.0,154.0,7207.0,0.96,9.12,-10.2,0.0,0.04,0.0,466.0,0.007959966,0.0686,0.2,-1.84,0.635,0.0003,6.57,1530.0,-0.00638,11.4
v2_faithful,1269760.0,-0.141,0.0167,0.0,-0.629,8.38,-10.7,174.0,155.0,7256.0,0.98,8.38,-10.7,0.0,0.02,0.0,472.0,0.0067804074,0.0629,0.2,-1.78,0.595,0.0003,6.29,1540.0,-0.00808,12.9
v2_faithful,1277952.0,-0.117,0.0149,0.0,-0.509,6.9,-10.1,174.0,156.0,7305.0,0.97,6.9,-10.1,0.0,0.03,0.0,473.0,0.009661469,0.0806,0.2,-1.77,0.605,0.0003,7.16,1550.0,-0.00546,13.9
v2_faithful,1286144.0,-0.107,0.0147,0.0,-0.431,26.1,-10.2,174.0,157.0,7353.0,0.94,26.1,-10.2,0.0,0.03,0.0,464.0,0.007848546,0.075,0.2,-1.88,0.65,0.0003,5.17,1560.0,-0.00809,11.4
v2_faithful,1294336.0,-0.101,0.0115,0.0,-0.409,19.1,-9.57,174.0,158.0,7400.0,0.96,19.1,-9.57,0.0,0.02,0.0,471.0,0.00825499,0.0852,0.2,-1.93,0.636,0.0003,4.85,1570.0,-0.00883,10.6
v2_faithful,1302528.0,-0.0623,0.0077,0.0,-0.226,22.6,-8.91,175.0,159.0,7440.0,0.95,22.6,-8.91,0.0,0.03,0.0,467.0,0.006319591,0.06,0.2,-1.98,0.643,0.0003,5.06,1580.0,-0.00774,9.62
v2_faithful,1310720.0,-0.0547,0.00869,0.0,-0.229,22.1,-9.65,175.0,160.0,7476.0,0.94,22.1,-9.65,0.0,0.04,0.0,465.0,0.010868696,0.0991,0.2,-2.08,0.678,0.0003,3.71,1590.0,-0.0075,5.92
v2_faithful,1318912.0,-0.0845,0.0129,0.0,-0.378,15.5,-10.7,175.0,161.0,7516.0,0.98,15.5,-10.7,0.0,0.01,0.0,462.0,0.0096820835,0.0909,0.2,-2.07,0.708,0.0003,3.25,1600.0,-0.00734,6.05
v2_faithful,1327104.0,-0.0725,0.00952,0.0,-0.303,24.4,-10.4,175.0,162.0,7556.0,0.96,24.4,-10.4,0.0,0.02,0.0,464.0,0.010062862,0.0899,0.2,-1.95,0.702,0.0003,3.52,1610.0,-0.00669,8.54
v2_faithful,1335296.0,-0.0828,0.0115,0.0,-0.311,33.7,-9.19,175.0,163.0,7597.0,0.94,33.7,-9.19,0.0,0.02,0.0,464.0,0.005653331,0.0481,0.2,-2.0,0.7,0.0003,2.94,1620.0,-0.00611,7.36
v2_faithful,1343488.0,-0.128,0.0152,0.0,-0.553,16.6,-9.41,175.0,164.0,7644.0,0.97,16.6,-9.41,0.0,0.02,0.0,462.0,0.007615283,0.0612,0.2,-1.98,0.655,0.0003,4.91,1630.0,-0.00731,8.59
v2_faithful,1351680.0,-0.0896,0.0107,0.0,-0.379,30.0,-8.85,175.0,165.0,7686.0,0.94,30.0,-8.85,0.0,0.03,0.0,467.0,0.009806275,0.0861,0.2,-1.83,0.619,0.0003,6.57,1640.0,-0.00686,12.6
v2_faithful,1359872.0,-0.0757,0.01,0.0,-0.297,21.6,-10.1,175.0,166.0,7727.0,0.97,21.6,-10.1,0.0,0.01,0.0,472.0,0.0059201512,0.0502,0.2,-1.95,0.682,0.0003,3.99,1650.0,-0.00635,9.32
v2_faithful,1368064.0,-0.116,0.0149,0.0,-0.449,18.9,-9.93,175.0,167.0,7775.0,0.96,18.9,-9.93,0.0,0.02,0.0,472.0,0.011014074,0.0804,0.2,-2.02,0.684,0.0003,3.7,1660.0,-0.00889,7.9
v2_faithful,1376256.0,-0.124,0.0153,0.0,-0.51,11.3,-11.4,175.0,168.0,7820.0,0.99,11.3,-11.4,0.0,0.01,0.0,465.0,0.0073392317,0.057,0.2,-1.93,0.617,0.0003,5.64,1670.0,-0.00713,11.3
v2_faithful,1384448.0,-0.144,0.0155,0.0,-0.641,7.17,-11.3,175.0,169.0,7872.0,0.99,7.17,-11.3,0.0,0.01,0.0,479.0,0.0070623793,0.0504,0.2,-1.87,0.606,0.0003,6.85,1680.0,-0.0067,12.4
v2_faithful,1392640.0,-0.0994,0.0116,0.0,-0.456,15.7,-10.4,175.0,170.0,7917.0,0.98,15.7,-10.4,0.0,0.01,0.0,467.0,0.0062562954,0.0483,0.2,-1.85,0.626,0.0003,6.38,1690.0,-0.00659,13.2
v2_faithful,1400832.0,-0.0847,0.0108,0.0,-0.323,13.1,-8.27,175.0,171.0,7962.0,0.93,13.1,-8.27,0.0,0.06,0.0,476.0,0.007439933,0.0835,0.2,-1.95,0.696,0.0003,4.5,1700.0,-0.0103,9.71
v2_faithful,1409024.0,-0.11,0.0148,0.0,-0.447,19.3,-10.2,175.0,172.0,8008.0,0.95,19.3,-10.2,0.0,0.03,0.0,471.0,0.0136884805,0.0847,0.2,-2.01,0.665,0.0003,4.12,1710.0,-0.00571,8.25
v2_faithful,1417216.0,-0.125,0.0181,0.0,-0.555,29.0,-10.6,175.0,173.0,8053.0,0.94,29.0,-10.6,0.0,0.03,0.0,456.0,0.0066176094,0.0564,0.2,-1.93,0.631,0.0003,5.23,1720.0,-0.00539,11.0
v2_faithful,1425408.0,-0.105,0.0132,0.0,-0.471,14.3,-9.71,176.0,174.0,8098.0,0.97,14.3,-9.71,0.0,0.02,0.0,472.0,0.01168349,0.087,0.2,-1.86,0.624,0.0003,5.5,1730.0,-0.00681,12.7
v2_faithful,1433600.0,-0.0925,0.0127,0.0,-0.418,15.1,-10.7,176.0,175.0,8143.0,0.97,15.1,-10.7,0.0,0.02,0.0,467.0,0.0082833795,0.077,0.2,-1.94,0.669,0.0003,6.0,1740.0,-0.00842,10.4
v2_faithful,1441792.0,-0.102,0.0134,0.0,-0.43,15.2,-10.9,176.0,176.0,8186.0,0.98,15.2,-10.9,0.0,0.01,0.0,472.0,0.009265005,0.0718,0.2,-1.99,0.697,0.0003,3.38,1750.0,-0.00915,9.34
v2_faithful,1449984.0,-0.146,0.0188,0.0,-0.57,14.5,-10.2,176.0,177.0,8236.0,0.94,14.5,-10.2,0.0,0.05,0.0,469.0,0.0077935318,0.0604,0.2,-1.9,0.66,0.0003,5.6,1760.0,-0.00753,10.5
v2_faithful,1458176.0,-0.155,0.0174,0.0,-0.668,14.2,-10.0,175.0,178.0,8287.0,0.93,14.2,-10.0,0.0,0.06,0.0,470.0,0.007177917,0.0656,0.2,-1.8,0.576,0.0003,6.85,1770.0,-0.00658,13.9
v2_faithful,1466368.0,-0.121,0.0139,0.0,-0.53,8.6,-8.98,175.0,179.0,8334.0,0.97,8.6,-8.98,0.0,0.03,0.0,474.0,0.008050419,0.07,0.2,-1.8,0.602,0.0003,7.06,1780.0,-0.00765,14.4
v2_faithful,1474560.0,-0.148,0.0168,0.0,-0.618,18.4,-10.4,175.0,180.0,8387.0,0.93,18.4,-10.4,0.0,0.05,0.0,473.0,0.006401999,0.0537,0.2,-1.86,0.663,0.0003,6.49,1790.0,-0.00779,11.8
v2_faithful,1482752.0,-0.168,0.0219,0.0,-0.726,13.3,-10.2,175.0,181.0,8439.0,0.96,13.3,-10.2,0.0,0.03,0.0,465.0,0.0054367483,0.0548,0.2,-1.83,0.607,0.0003,7.37,1800.0,-0.00671,13.7
v2_faithful,1490944.0,-0.177,0.0231,0.0,-0.745,8.36,-10.4,175.0,182.0,8490.0,0.96,8.36,-10.4,0.0,0.04,0.0,471.0,0.0056030243,0.049,0.2,-1.71,0.56,0.0003,8.72,1810.0,-0.00679,16.1
v2_faithful,1499136.0,-0.2,0.0241,0.0,-0.858,10.9,-10.8,175.0,183.0,8547.0,0.94,10.9,-10.8,0.0,0.06,0.0,462.0,0.005770668,0.0535,0.2,-1.68,0.536,0.0003,8.07,1820.0,-0.00709,16.7
v2_faithful,1507328.0,-0.1,0.015,0.0,-0.442,10.7,-11.2,175.0,184.0,8587.0,0.98,10.7,-11.2,0.0,0.02,0.0,456.0,0.0066043027,0.0625,0.2,-1.61,0.482,0.0003,8.22,1830.0,-0.00663,18.4
v2_faithful,1515520.0,-0.0659,0.00946,0.0,-0.284,34.3,-8.81,175.0,185.0,8627.0,0.95,34.3,-8.81,0.0,0.01,0.0,460.0,0.008811152,0.0796,0.2,-1.87,0.666,0.0003,4.75,1840.0,-0.00676,10.7
v2_faithful,1523712.0,-0.104,0.0151,0.0,-0.434,10.3,-9.78,175.0,186.0,8670.0,0.98,10.3,-9.78,0.0,0.02,0.0,456.0,0.009566426,0.0902,0.2,-2.03,0.72,0.0003,2.93,1850.0,-0.00786,6.85
v2_faithful,1531904.0,-0.141,0.0169,0.0,-0.569,12.1,-9.23,175.0,187.0,8720.0,0.92,12.1,-9.23,0.0,0.07,0.0,470.0,0.007776501,0.0667,0.2,-1.88,0.651,0.0003,4.9,1860.0,-0.00708,10.8
v2_faithful,1540096.0,-0.17,0.0203,0.0,-0.711,14.8,-9.84,175.0,188.0,8774.0,0.96,14.8,-9.84,0.0,0.03,0.0,468.0,0.0072444025,0.06,0.2,-1.84,0.601,0.0003,6.88,1870.0,-0.00837,13.5
v2_faithful,1548288.0,-0.15,0.0175,0.0,-0.673,8.66,-11.4,175.0,189.0,8825.0,0.99,8.66,-11.4,0.0,0.01,0.0,472.0,0.0054895165,0.0473,0.2,-1.73,0.547,0.0003,8.3,1880.0,-0.00732,16.0
v2_faithful,1556480.0,-0.0764,0.0112,0.0,-0.325,17.9,-8.97,175.0,190.0,8866.0,0.93,17.9,-8.97,0.0,0.06,0.0,466.0,0.0068891,0.0645,0.2,-1.76,0.617,0.0003,7.06,1890.0,-0.00849,14.2
v2_faithful,1564672.0,-0.0754,0.01,0.0,-0.304,17.1,-9.44,175.0,191.0,8909.0,0.97,17.1,-9.44,0.0,0.02,0.0,465.0,0.00902081,0.0778,0.2,-2.01,0.703,0.0003,3.31,1900.0,-0.00847,8.04
v2_faithful,1572864.0,-0.104,0.0148,0.0,-0.441,21.1,-10.2,175.0,192.0,8954.0,0.95,21.1,-10.2,0.0,0.03,0.0,468.0,0.008822294,0.0688,0.2,-2.01,0.687,0.0003,3.91,1910.0,-0.00901,8.03
v2_faithful,1581056.0,-0.13,0.0165,0.0,-0.548,12.6,-9.51,175.0,193.0,9006.0,0.95,12.6,-9.51,0.0,0.04,0.0,475.0,0.0065510646,0.0585,0.2,-1.87,0.651,0.0003,6.0,1920.0,-0.00812,10.4
v2_faithful,1589248.0,-0.131,0.0175,0.0,-0.546,26.8,-10.0,175.0,194.0,9054.0,0.92,26.8,-10.0,0.0,0.05,0.0,468.0,0.007440905,0.0669,0.2,-1.82,0.616,0.0003,7.16,1930.0,-0.00833,12.5
v2_faithful,1597440.0,-0.158,0.0201,0.0,-0.68,7.88,-10.3,175.0,195.0,9104.0,0.98,7.88,-10.3,0.0,0.02,0.0,470.0,0.0052974103,0.0488,0.2,-1.79,0.618,0.0003,6.42,1940.0,-0.00728,12.6
v2_faithful,1605632.0,-0.148,0.0193,0.0,-0.67,16.1,-10.3,175.0,196.0,9155.0,0.93,16.1,-10.3,0.0,0.06,0.0,465.0,0.0057932343,0.0573,0.2,-1.64,0.554,0.0003,7.62,1950.0,-0.00795,15.9
v2_faithful,1613824.0,-0.105,0.0132,0.0,-0.448,20.8,-9.1,175.0,197.0,9200.0,0.97,20.8,-9.1,0.0,0.01,0.0,467.0,0.004808916,0.0524,0.2,-1.67,0.597,0.0003,6.48,1960.0,-0.0072,14.3
v2_faithful,1622016.0,-0.0776,0.0122,0.0,-0.32,27.7,-10.1,175.0,198.0,9242.0,0.97,27.7,-10.1,0.0,0.0,0.0,462.0,0.008801065,0.0763,0.2,-1.83,0.672,0.0003,5.04,1970.0,-0.00654,10.4
v2_faithful,1630208.0,-0.104,0.0134,0.0,-0.432,20.1,-10.4,175.0,199.0,9287.0,0.97,20.1,-10.4,0.0,0.01,0.0,475.0,0.011676446,0.0873,0.2,-1.93,0.687,0.0003,4.27,1980.0,-0.00791,8.35
v2_faithful,1638400.0,-0.107,0.0171,0.0,-0.441,14.8,-9.9,175.0,200.0,9332.0,0.98,14.8,-9.9,0.0,0.01,0.0,456.0,0.007445441,0.0568,0.2,-1.83,0.648,0.0003,4.92,1990.0,-0.0074,10.4
v2_faithful,1646592.0,-0.095,0.0129,0.0,-0.406,33.8,-8.91,175.0,201.0,9375.0,0.91,33.8,-8.91,0.0,0.05,0.0,466.0,0.009468061,0.0703,0.2,-1.81,0.635,0.0003,4.7,2000.0,-0.00929,11.0
v2_faithful,1654784.0,-0.116,0.0166,0.0,-0.515,13.8,-9.62,175.0,202.0,9423.0,0.97,13.8,-9.62,0.0,0.02,0.0,469.0,0.00693448,0.0633,0.2,-1.88,0.676,0.0003,4.72,2010.0,-0.0074,9.58
v2_faithful,1662976.0,-0.0732,0.0118,0.0,-0.3,18.0,-9.68,175.0,203.0,9463.0,0.97,18.0,-9.68,0.0,0.02,0.0,469.0,0.0061925687,0.0475,0.2,-1.8,0.653,0.0003,6.01,2020.0,-0.00737,11.6
v2_faithful,1671168.0,-0.0942,0.0123,0.0,-0.388,14.2,-8.96,175.0,204.0,9507.0,0.95,14.2,-8.96,0.0,0.04,0.0,473.0,0.00876184,0.0814,0.2,-1.95,0.684,0.0003,4.17,2030.0,-0.00868,8.09
v2_faithful,1679360.0,-0.117,0.0156,0.0,-0.507,8.96,-9.85,175.0,205.0,9554.0,0.97,8.96,-9.85,0.0,0.03,0.0,468.0,0.006856979,0.0675,0.2,-1.92,0.663,0.0003,5.16,2040.0,-0.00857,9.62
v3_rebalanced,8192.0,-0.147,0.0266,0.0,-0.133,9.25,-2.48,165.0,1.0,49.0,0.97,9.25,-2.48,0.0,0.03,0.0,490.0,,,,,,,,,,
v3_rebalanced,16384.0,-0.0905,0.0262,0.0,-0.0868,10.9,-2.46,181.0,2.0,90.0,0.98,10.9,-2.46,0.0,0.02,0.0,489.0,0.012166809,0.0895,0.2,-2.56,-0.023,0.0003,0.352,10.0,-0.0113,0.898
v3_rebalanced,24576.0,-0.0969,0.0207,0.0,-0.0865,7.18,-2.5,179.0,3.0,136.0,0.96,7.18,-2.5,0.0,0.04,0.0,495.0,0.012122989,0.115,0.2,-2.54,0.564,0.0003,0.213,20.0,-0.0142,0.569
v3_rebalanced,32768.0,-0.0824,0.0164,0.0,-0.0771,21.1,-2.62,177.0,4.0,184.0,0.97,21.1,-2.62,0.0,0.01,0.0,494.0,0.009108373,0.0875,0.2,-2.51,0.69,0.0003,0.269,30.0,-0.0122,0.484
v3_rebalanced,40960.0,-0.0612,0.0232,0.0,-0.0556,24.7,-2.05,182.0,5.0,223.0,0.95,24.7,-2.05,0.0,0.03,0.0,483.0,0.008515116,0.0889,0.2,-2.5,0.799,0.0003,0.173,40.0,-0.0124,0.339
v3_rebalanced,49152.0,-0.0751,0.0311,0.0,-0.0637,26.7,-2.39,184.0,6.0,265.0,0.94,26.7,-2.39,0.0,0.03,0.0,492.0,0.010388335,0.105,0.2,-2.46,0.754,0.0003,0.109,50.0,-0.0128,0.376
v3_rebalanced,57344.0,-0.123,0.0417,0.0,-0.112,13.2,-2.7,178.0,7.0,321.0,0.99,13.2,-2.7,0.0,0.0,0.0,491.0,0.00816069,0.0859,0.2,-2.42,0.682,0.0003,0.211,60.0,-0.0147,0.488
v3_rebalanced,65536.0,-0.0696,0.0394,0.0,-0.0617,16.2,-1.91,178.0,8.0,367.0,0.98,16.2,-1.91,0.0,0.01,0.0,480.0,0.009451359,0.112,0.2,-2.34,0.638,0.0003,0.23,70.0,-0.0145,0.601
v3_rebalanced,73728.0,-0.0547,0.0394,0.0,-0.0454,17.2,-1.08,181.0,9.0,405.0,0.96,17.2,-1.08,0.0,0.04,0.0,459.0,0.015106295,0.171,0.2,-2.33,0.64,0.0003,0.237,80.0,-0.015,0.51
v3_rebalanced,81920.0,-0.0879,0.0466,0.0,-0.0776,25.2,-2.13,179.0,10.0,456.0,0.95,25.2,-2.13,0.0,0.02,0.0,486.0,0.010197824,0.106,0.2,-2.32,0.562,0.0003,0.256,90.0,-0.0115,0.55
v3_rebalanced,90112.0,-0.0851,0.0604,0.0,-0.0758,21.1,-2.0,178.0,11.0,506.0,0.95,21.1,-2.0,0.0,0.03,0.0,479.0,0.0103246,0.103,0.2,-2.24,0.628,0.0003,0.223,100.0,-0.014,0.571
v3_rebalanced,98304.0,-0.0469,0.0423,0.0,-0.0389,16.3,-1.54,180.0,12.0,544.0,0.95,16.3,-1.54,0.0,0.04,0.0,474.0,0.0077858064,0.0949,0.2,-2.18,0.588,0.0003,0.315,110.0,-0.0119,0.654
v3_rebalanced,106496.0,-0.0536,0.055,0.0,-0.0462,15.8,-1.41,182.0,13.0,584.0,0.97,15.8,-1.41,0.0,0.02,0.0,465.0,0.009065898,0.0845,0.2,-2.23,0.591,0.0003,0.231,120.0,-0.01,0.459
v3_rebalanced,114688.0,-0.0623,0.0746,0.0,-0.0562,34.9,-1.05,182.0,14.0,628.0,0.95,34.9,-1.05,0.0,0.01,0.0,455.0,0.008366548,0.0911,0.2,-2.13,0.556,0.0003,0.143,130.0,-0.0119,0.519
v3_rebalanced,122880.0,-0.0705,0.0952,0.0,-0.0561,10.6,-0.387,181.0,15.0,675.0,0.99,10.6,-0.387,0.0,0.01,0.0,446.0,0.009624699,0.0981,0.2,-2.08,0.516,0.0003,0.265,140.0,-0.0104,0.614
v3_rebalanced,131072.0,-0.0793,0.11,0.0,-0.068,15.8,-0.564,182.0,16.0,719.0,0.97,15.8,-0.564,0.0,0.02,0.0,449.0,0.0090322625,0.0984,0.2,-1.98,0.417,0.0003,0.344,150.0,-0.0094,0.907
v3_rebalanced,139264.0,-0.0639,0.129,0.0,-0.0569,22.2,0.335,183.0,17.0,759.0,0.96,22.2,0.335,0.0,0.03,0.0,420.0,0.006452984,0.07,0.2,-1.84,0.37,0.0003,0.606,160.0,-0.00911,1.04
v3_rebalanced,147456.0,-0.067,0.121,0.0,-0.0575,40.7,1.21,184.0,18.0,799.0,0.96,40.7,1.21,0.0,0.01,0.0,400.0,0.0075188307,0.0601,0.2,-1.74,0.247,0.0003,0.731,170.0,-0.00603,1.48
v3_rebalanced,155648.0,-0.0557,0.128,0.0,-0.0556,24.5,0.789,186.0,19.0,834.0,0.98,24.5,0.789,0.0,0.01,0.0,406.0,0.0069862343,0.0709,0.2,-1.73,0.327,0.0003,0.632,180.0,-0.00834,1.31
v3_rebalanced,163840.0,-0.0487,0.108,0.0,-0.0492,38.3,0.656,188.0,20.0,869.0,0.97,38.3,0.656,0.0,0.01,0.0,406.0,0.0067044143,0.0616,0.2,-1.6,0.277,0.0003,0.954,190.0,-0.00723,1.64
v3_rebalanced,172032.0,-0.0276,0.117,0.00366,-0.0255,47.2,2.92,192.0,21.0,895.0,0.91,47.2,2.92,0.0,0.07,0.0,360.0,0.006192441,0.053,0.2,-1.59,0.372,0.0003,0.708,200.0,-0.00475,1.32
v3_rebalanced,180224.0,-0.0317,0.13,0.0,-0.0294,54.8,2.97,196.0,22.0,919.0,0.96,54.8,2.97,0.0,0.0,0.0,357.0,0.009982663,0.0865,0.2,-1.65,0.28,0.0003,2.13,210.0,-0.0061,2.28
v3_rebalanced,188416.0,-0.0635,0.184,0.0,-0.0554,28.7,2.28,197.0,23.0,955.0,0.99,28.7,2.28,0.0,0.01,0.0,368.0,0.007052157,0.0606,0.2,-1.46,0.493,0.0003,0.851,220.0,-0.00475,1.65
v3_rebalanced,196608.0,-0.05,0.145,0.0,-0.048,24.7,1.32,197.0,24.0,997.0,0.99,24.7,1.32,0.0,0.01,0.0,396.0,0.005634169,0.0507,0.2,-1.24,0.434,0.0003,1.38,230.0,-0.00423,3.2
v3_rebalanced,204800.0,-0.0249,0.114,0.00366,-0.0274,58.1,3.93,201.0,25.0,1018.0,0.94,58.1,3.93,0.01,0.02,0.0,337.0,0.0061281696,0.0511,0.2,-1.41,0.457,0.0003,1.06,240.0,-0.00505,2.2
v3_rebalanced,212992.0,-0.0368,0.122,0.0,-0.0351,64.9,3.43,201.0,26.0,1056.0,0.94,64.9,3.43,0.0,0.01,0.0,344.0,0.009073996,0.0719,0.2,-1.56,0.437,0.0003,0.828,250.0,-0.00363,2.58
v3_rebalanced,221184.0,-0.0355,0.129,0.00732,-0.0324,38.1,1.34,202.0,27.0,1091.0,0.97,38.1,1.34,0.0,0.01,0.0,396.0,0.006116472,0.0457,0.2,-1.51,0.495,0.0003,0.878,260.0,-0.00354,1.83
v3_rebalanced,229376.0,-0.0324,0.134,0.0,-0.0295,58.5,2.83,205.0,28.0,1116.0,0.93,58.5,2.83,0.0,0.03,0.0,364.0,0.0062769586,0.0528,0.2,-1.48,0.342,0.0003,2.84,270.0,-0.00426,4.44
v3_rebalanced,237568.0,-0.046,0.148,0.0,-0.0427,40.3,2.24,205.0,29.0,1153.0,0.96,40.3,2.24,0.0,0.03,0.0,370.0,0.010371407,0.0703,0.2,-1.39,0.555,0.0003,0.888,280.0,-0.00543,2.09
v3_rebalanced,245760.0,-0.0709,0.134,0.0,-0.0629,14.0,-0.234,202.0,30.0,1214.0,0.97,14.0,-0.234,0.0,0.03,0.0,439.0,0.0061462354,0.0689,0.2,-1.31,0.564,0.0003,1.07,290.0,-0.00501,2.33
v3_rebalanced,253952.0,-0.0392,0.115,0.0,-0.0424,47.0,1.35,201.0,31.0,1260.0,0.96,47.0,1.35,0.0,0.01,0.0,391.0,0.009608384,0.0892,0.2,-1.21,0.163,0.0003,0.839,300.0,-0.00523,1.7
v3_rebalanced,262144.0,-0.0286,0.133,0.00366,-0.0329,44.0,3.53,204.0,32.0,1284.0,0.97,44.0,3.53,0.01,0.01,0.0,341.0,0.006467512,0.0635,0.2,-1.27,0.498,0.0003,0.766,310.0,-0.00283,1.49
v3_rebalanced,270336.0,-0.0276,0.126,0.0,-0.0284,56.2,4.9,206.0,33.0,1312.0,0.98,56.2,4.9,0.0,0.0,0.0,303.0,0.010031214,0.0829,0.2,-1.36,0.583,0.0003,1.93,320.0,-0.00418,2.39
v3_rebalanced,278528.0,-0.0335,0.119,0.00366,-0.028,43.7,1.98,206.0,34.0,1350.0,0.95,43.7,1.98,0.0,0.03,0.0,385.0,0.0070606135,0.0658,0.2,-1.46,0.593,0.0003,0.997,330.0,-0.0034,1.95
v3_rebalanced,286720.0,-0.032,0.131,0.00366,-0.0351,34.2,1.55,208.0,35.0,1374.0,0.96,34.2,1.55,0.0,0.03,0.0,390.0,0.0150609035,0.0859,0.2,-1.38,0.372,0.0003,0.946,340.0,-0.00412,2.82
v3_rebalanced,294912.0,-0.0438,0.133,0.0,-0.0426,31.1,1.97,207.0,36.0,1420.0,1.0,31.1,1.97,0.0,0.0,0.0,372.0,0.009944727,0.0918,0.2,-1.27,0.595,0.0003,1.0,350.0,-0.00507,2.95
v3_rebalanced,303104.0,-0.0269,0.134,0.0,-0.0292,50.1,3.33,208.0,37.0,1451.0,0.95,50.1,3.33,0.0,0.03,0.0,342.0,0.0064255777,0.0573,0.2,-1.19,0.517,0.0003,0.9,360.0,-0.00406,2.04
v3_rebalanced,311296.0,-0.0485,0.152,0.0,-0.0408,20.3,0.262,209.0,38.0,1488.0,1.0,20.3,0.262,0.0,0.0,0.0,420.0,0.008243393,0.0829,0.2,-1.25,0.668,0.0003,0.895,370.0,-0.00415,1.52
v3_rebalanced,319488.0,-0.0408,0.164,0.00366,-0.0409,34.4,3.48,210.0,39.0,1517.0,0.97,34.4,3.48,0.01,0.01,0.0,347.0,0.005881058,0.0544,0.2,-1.13,0.612,0.0003,1.18,380.0,-0.00333,2.37
v3_rebalanced,327680.0,-0.0286,0.115,0.00732,-0.0303,40.4,4.02,212.0,40.0,1543.0,0.98,40.4,4.02,0.01,0.01,0.0,335.0,0.004971988,0.0383,0.2,-1.15,0.516,0.0003,1.25,390.0,-0.00243,3.49
v3_rebalanced,335872.0,-0.0227,0.118,0.0,-0.0198,59.0,4.25,214.0,41.0,1564.0,0.96,59.0,4.25,0.0,0.01,0.0,326.0,0.008265,0.0687,0.2,-1.39,0.456,0.0003,1.1,400.0,-0.00497,3.8
v3_rebalanced,344064.0,-0.033,0.166,0.00366,-0.035,48.7,4.31,217.0,42.0,1584.0,0.97,48.7,4.31,0.01,0.0,0.0,325.0,0.011837412,0.111,0.2,-1.44,0.616,0.0003,0.741,410.0,-0.00433,1.65
v3_rebalanced,352256.0,-0.0255,0.13,0.00366,-0.0289,46.3,5.45,219.0,43.0,1605.0,0.97,46.3,5.45,0.01,0.02,0.0,295.0,0.005500472,0.0503,0.2,-1.21,0.555,0.0003,1.99,420.0,-0.0037,4.27
v3_rebalanced,360448.0,-0.0234,0.111,0.00366,-0.0262,73.9,3.78,221.0,44.0,1627.0,0.95,73.9,3.78,0.0,0.0,0.0,330.0,0.0068129506,0.0588,0.2,-1.29,0.607,0.0003,1.42,430.0,-0.00353,2.81
v3_rebalanced,368640.0,-0.0368,0.157,0.00366,-0.0334,39.6,3.01,222.0,45.0,1658.0,0.96,39.6,3.01,0.0,0.02,0.0,354.0,0.010064369,0.0841,0.2,-1.35,0.664,0.0003,0.778,440.0,-0.00433,2.27
v3_rebalanced,376832.0,-0.0478,0.145,0.0,-0.0504,21.5,0.661,222.0,46.0,1693.0,1.0,21.5,0.661,0.0,0.0,0.0,404.0,0.007846977,0.0731,0.2,-1.28,0.439,0.0003,1.18,450.0,-0.00404,3.02
v3_rebalanced,385024.0,-0.0275,0.122,0.00366,-0.0241,46.0,4.81,224.0,47.0,1717.0,0.95,46.0,4.81,0.01,0.03,0.0,319.0,0.00681575,0.0701,0.2,-1.25,0.435,0.0003,1.05,460.0,-0.00448,2.39
v3_rebalanced,393216.0,-0.0231,0.125,0.00366,-0.023,69.5,5.16,226.0,48.0,1737.0,0.94,69.5,5.16,0.01,0.01,0.0,306.0,0.0071706055,0.089,0.2,-1.41,0.398,0.0003,1.45,470.0,-0.00405,2.74
v3_rebalanced,401408.0,-0.0324,0.153,0.0,-0.0327,35.9,3.0,227.0,49.0,1765.0,0.98,35.9,3.0,0.0,0.01,0.0,353.0,0.009671457,0.0916,0.2,-1.39,0.51,0.0003,1.29,480.0,-0.00531,2.84
v3_rebalanced,409600.0,-0.026,0.136,0.00366,-0.0265,41.1,4.8,229.0,50.0,1788.0,0.99,41.1,4.8,0.01,0.0,0.0,315.0,0.005687281,0.0596,0.2,-1.22,0.592,0.0003,1.23,490.0,-0.00421,2.18
v3_rebalanced,417792.0,-0.02,0.132,0.00732,-0.0206,74.1,7.09,231.0,51.0,1806.0,0.94,74.1,7.09,0.02,0.0,0.0,267.0,0.0069870776,0.0702,0.2,-1.32,0.579,0.0003,0.86,500.0,-0.00383,2.85
v3_rebalanced,425984.0,-0.0295,0.122,0.0,-0.0313,64.9,3.62,233.0,52.0,1827.0,0.95,64.9,3.62,0.0,0.01,0.0,336.0,0.007816808,0.0706,0.2,-1.35,0.523,0.0003,2.63,510.0,-0.00435,4.03
v3_rebalanced,434176.0,-0.0212,0.133,0.0183,-0.0219,53.8,7.5,235.0,53.0,1840.0,0.9,53.8,7.5,0.05,0.03,0.0,282.0,0.006668748,0.0619,0.2,-1.38,0.599,0.0003,0.944,520.0,-0.00351,2.64
v3_rebalanced,442368.0,-0.0181,0.109,0.022,-0.0165,77.7,6.79,238.0,54.0,1857.0,0.86,77.7,6.79,0.06,0.02,0.0,315.0,0.0069530313,0.0612,0.2,-1.4,0.4,0.0003,2.88,530.0,-0.00531,6.22
v3_rebalanced,450560.0,-0.0412,0.159,0.0,-0.0386,40.4,1.18,238.0,55.0,1892.0,0.94,40.4,1.18,0.0,0.02,0.0,402.0,0.007540718,0.0558,0.2,-1.37,0.523,0.0003,2.25,540.0,-0.00448,5.71
v3_rebalanced,458752.0,-0.0447,0.151,0.0,-0.0414,33.0,2.33,236.0,56.0,1935.0,0.99,33.0,2.33,0.0,0.01,0.0,367.0,0.0066712243,0.0672,0.2,-1.13,0.623,0.0003,1.61,550.0,-0.00475,4.03
v3_rebalanced,466944.0,-0.0284,0.118,0.0,-0.0298,57.3,4.46,237.0,57.0,1970.0,0.97,57.3,4.46,0.0,0.01,0.0,314.0,0.0052625453,0.0616,0.2,-1.17,0.585,0.0003,1.5,560.0,-0.00413,3.18
v3_rebalanced,475136.0,-0.0238,0.111,0.0,-0.0231,62.0,3.01,236.0,58.0,2006.0,0.94,62.0,3.01,0.0,0.02,0.0,354.0,0.0071298275,0.0698,0.2,-1.39,0.694,0.0003,0.858,570.0,-0.00387,2.19
v3_rebalanced,483328.0,-0.0531,0.113,0.0,-0.0493,30.8,0.103,234.0,59.0,2059.0,0.96,30.8,0.103,0.0,0.02,0.0,431.0,0.0083460305,0.093,0.2,-1.4,0.557,0.0003,0.758,580.0,-0.00346,1.79
v3_rebalanced,491520.0,-0.0383,0.156,0.0,-0.0375,36.9,3.06,234.0,60.0,2094.0,0.99,36.9,3.06,0.0,0.0,0.0,352.0,0.007012169,0.0833,0.2,-1.21,0.493,0.0003,0.919,590.0,-0.00457,1.94
v3_rebalanced,499712.0,-0.0454,0.112,0.0,-0.0425,30.5,0.721,233.0,61.0,2140.0,0.96,30.5,0.721,0.0,0.03,0.0,411.0,0.0070512043,0.0833,0.2,-1.25,0.598,0.0003,0.983,600.0,-0.00358,2.36
v3_rebalanced,507904.0,-0.0443,0.139,0.0,-0.0355,33.0,0.662,232.0,62.0,2181.0,0.93,33.0,0.662,0.0,0.05,0.0,417.0,0.006661015,0.0864,0.2,-1.32,0.344,0.0003,0.806,610.0,-0.00368,1.62
v3_rebalanced,516096.0,-0.0359,0.154,0.011,-0.0332,44.5,4.17,232.0,63.0,2216.0,0.96,44.5,4.17,0.03,0.0,0.0,346.0,0.008485966,0.0909,0.2,-1.26,0.525,0.0003,0.859,620.0,-0.00425,1.65
v3_rebalanced,524288.0,-0.0434,0.14,0.0,-0.0418,26.7,1.24,231.0,64.0,2261.0,0.99,26.7,1.24,0.0,0.0,0.0,399.0,0.005865858,0.0605,0.2,-1.29,0.35,0.0003,2.85,630.0,-0.00414,4.51
v3_rebalanced,532480.0,-0.0427,0.152,0.00366,-0.0405,38.8,2.9,231.0,65.0,2295.0,0.97,38.8,2.9,0.0,0.01,0.0,354.0,0.0072539533,0.0646,0.2,-1.25,0.545,0.0003,1.24,640.0,-0.00409,2.2
v3_rebalanced,540672.0,-0.0278,0.129,0.0146,-0.029,61.4,6.74,232.0,66.0,2327.0,0.93,61.4,6.74,0.04,0.01,0.0,294.0,0.005510684,0.0654,0.2,-1.25,0.406,0.0003,1.6,650.0,-0.00292,3.33
v3_rebalanced,548864.0,-0.0392,0.132,0.0,-0.0355,66.9,4.16,231.0,67.0,2366.0,0.95,66.9,4.16,0.0,0.01,0.0,327.0,0.007218044,0.0553,0.2,-1.36,0.413,0.0003,1.34,660.0,-0.0037,4.28
v3_rebalanced,557056.0,-0.0364,0.119,0.0,-0.0374,33.4,1.9,231.0,68.0,2401.0,0.98,33.4,1.9,0.0,0.02,0.0,380.0,0.007303063,0.0713,0.2,-1.27,0.543,0.0003,0.841,670.0,-0.00353,1.92
v3_rebalanced,565248.0,-0.0317,0.118,0.00366,-0.0309,58.0,4.63,232.0,69.0,2430.0,0.95,58.0,4.63,0.01,0.02,0.0,320.0,0.0079304725,0.0736,0.2,-1.33,0.623,0.0003,1.07,680.0,-0.00398,2.03
v3_rebalanced,573440.0,-0.0396,0.142,0.00366,-0.037,46.5,2.64,232.0,70.0,2462.0,0.92,46.5,2.64,0.0,0.05,0.0,368.0,0.008697858,0.0768,0.2,-1.45,0.511,0.0003,1.13,690.0,-0.00413,2.6
v3_rebalanced,581632.0,-0.0471,0.139,0.0,-0.0414,41.6,3.54,231.0,71.0,2509.0,0.98,41.6,3.54,0.0,0.01,0.0,340.0,0.0075972676,0.0806,0.2,-1.3,0.504,0.0003,1.83,700.0,-0.0062,2.91
v3_rebalanced,589824.0,-0.0372,0.122,0.0,-0.039,33.9,1.84,231.0,72.0,2544.0,0.96,33.9,1.84,0.0,0.03,0.0,381.0,0.0069940942,0.0781,0.2,-1.24,0.446,0.0003,0.895,710.0,-0.00454,2.32
v3_rebalanced,598016.0,-0.0372,0.132,0.0,-0.0364,40.6,1.91,231.0,73.0,2579.0,0.96,40.6,1.91,0.0,0.02,0.0,379.0,0.008925198,0.0959,0.2,-1.34,0.607,0.0003,1.13,720.0,-0.00512,2.06
v3_rebalanced,606208.0,-0.0262,0.11,0.00366,-0.0292,62.9,3.56,232.0,74.0,2608.0,0.94,62.9,3.56,0.01,0.01,0.0,344.0,0.0068590734,0.0698,0.2,-1.39,0.511,0.0003,1.04,730.0,-0.00359,1.98
v3_rebalanced,614400.0,-0.0302,0.116,0.00366,-0.0259,57.1,4.49,232.0,75.0,2643.0,0.94,57.1,4.49,0.01,0.03,0.0,329.0,0.011929696,0.0867,0.2,-1.47,0.541,0.0003,0.963,740.0,-0.00478,2.33
v3_rebalanced,622592.0,-0.0368,0.122,0.0,-0.0386,28.7,-0.0919,231.0,76.0,2688.0,0.98,28.7,-0.0919,0.0,0.01,0.0,428.0,0.009347541,0.0995,0.2,-1.34,0.467,0.0003,1.72,750.0,-0.00645,2.7
v3_rebalanced,630784.0,-0.0461,0.126,0.0,-0.043,30.1,1.71,230.0,77.0,2739.0,1.0,30.1,1.71,0.0,0.0,0.0,384.0,0.008433679,0.0778,0.2,-1.21,0.632,0.0003,0.648,760.0,-0.0035,1.84
v3_rebalanced,638976.0,-0.0428,0.136,0.00366,-0.0417,24.5,0.693,229.0,78.0,2788.0,0.97,24.5,0.693,0.0,0.03,0.0,412.0,0.006203591,0.0693,0.2,-1.14,0.502,0.0003,1.23,770.0,-0.00399,2.17
v3_rebalanced,647168.0,-0.037,0.13,0.0,-0.0374,22.3,0.768,229.0,79.0,2822.0,0.97,22.3,0.768,0.0,0.03,0.0,408.0,0.009744256,0.0996,0.2,-1.25,0.53,0.0003,1.11,780.0,-0.00643,2.8
v3_rebalanced,655360.0,-0.0419,0.144,0.0,-0.0413,28.6,1.59,228.0,80.0,2862.0,0.99,28.6,1.59,0.0,0.0,0.0,389.0,0.007979847,0.0828,0.2,-1.24,0.56,0.0003,0.627,790.0,-0.00481,1.76
v3_rebalanced,663552.0,-0.0357,0.122,0.0,-0.0365,37.3,2.45,228.0,81.0,2907.0,0.98,37.3,2.45,0.0,0.02,0.0,367.0,0.005726202,0.0652,0.2,-1.16,0.522,0.0003,0.925,800.0,-0.00445,1.89
v3_rebalanced,671744.0,-0.041,0.129,0.0,-0.0394,32.0,0.955,227.0,82.0,2947.0,0.97,32.0,0.955,0.0,0.02,0.0,405.0,0.007617696,0.0858,0.2,-1.25,0.56,0.0003,0.929,810.0,-0.00497,1.62
v3_rebalanced,679936.0,-0.0315,0.132,0.0146,-0.0309,37.2,1.99,228.0,83.0,2980.0,0.92,37.2,1.99,0.02,0.04,0.0,397.0,0.007964993,0.0754,0.2,-1.2,0.513,0.0003,0.791,820.0,-0.0049,1.73
v3_rebalanced,688128.0,-0.0434,0.138,0.00366,-0.0423,47.8,3.39,227.0,84.0,3025.0,0.97,47.8,3.39,0.01,0.0,0.0,347.0,0.0066348235,0.0622,0.2,-1.26,0.386,0.0003,1.09,830.0,-0.00626,4.36
v3_rebalanced,696320.0,-0.0357,0.137,0.00366,-0.0325,42.7,2.77,227.0,85.0,3063.0,0.98,42.7,2.77,0.0,0.01,0.0,358.0,0.0055593243,0.0675,0.2,-1.26,0.552,0.0003,1.2,840.0,-0.00353,2.96
v3_rebalanced,704512.0,-0.0441,0.14,0.0,-0.0394,47.3,3.52,226.0,86.0,3112.0,0.97,47.3,3.52,0.0,0.01,0.0,342.0,0.007896282,0.081,0.2,-1.21,0.409,0.0003,1.02,850.0,-0.00479,3.13
v3_rebalanced,712704.0,-0.0339,0.112,0.0,-0.0318,40.1,2.2,226.0,87.0,3144.0,0.96,40.1,2.2,0.0,0.02,0.0,379.0,0.010200605,0.0907,0.2,-1.25,0.436,0.0003,0.807,860.0,-0.00568,2.27
v3_rebalanced,720896.0,-0.0302,0.139,0.0146,-0.0278,71.5,5.78,226.0,88.0,3177.0,0.91,71.5,5.78,0.04,0.0,0.0,315.0,0.010203356,0.095,0.2,-1.28,0.475,0.0003,0.68,870.0,-0.00496,1.6
v3_rebalanced,729088.0,-0.0526,0.163,0.0,-0.0483,31.6,2.68,226.0,89.0,3222.0,0.95,31.6,2.68,0.0,0.05,0.0,362.0,0.0058377907,0.0459,0.2,-1.27,0.38,0.0003,2.51,880.0,-0.00372,3.78
v3_rebalanced,737280.0,-0.0375,0.129,0.00366,-0.0373,40.6,2.78,226.0,90.0,3259.0,0.95,40.6,2.78,0.01,0.03,0.0,371.0,0.004938123,0.0542,0.2,-1.02,0.563,0.0003,1.45,890.0,-0.00375,2.65
v3_rebalanced,745472.0,-0.0449,0.143,0.0,-0.0451,37.5,1.2,226.0,91.0,3296.0,0.98,37.5,1.2,0.0,0.0,0.0,397.0,0.0061908057,0.0647,0.2,-1.12,0.622,0.0003,1.04,900.0,-0.00585,2.74
v3_rebalanced,753664.0,-0.035,0.149,0.0,-0.0359,41.6,3.94,226.0,92.0,3322.0,0.98,41.6,3.94,0.0,0.01,0.0,327.0,0.0062592835,0.0703,0.2,-1.16,0.543,0.0003,1.28,910.0,-0.00436,2.31
v3_rebalanced,761856.0,-0.0403,0.131,0.0,-0.0403,40.4,1.97,227.0,93.0,3353.0,0.97,40.4,1.97,0.0,0.01,0.0,378.0,0.0076996665,0.085,0.2,-1.2,0.607,0.0003,0.745,920.0,-0.00384,1.97
v3_rebalanced,770048.0,-0.0287,0.127,0.00366,-0.027,55.3,4.62,227.0,94.0,3378.0,0.93,55.3,4.62,0.01,0.04,0.0,324.0,0.009686285,0.102,0.2,-1.25,0.335,0.0003,0.581,930.0,-0.00507,1.49
v3_rebalanced,778240.0,-0.0326,0.157,0.00732,-0.0334,47.7,2.66,228.0,95.0,3402.0,0.96,47.7,2.66,0.0,0.01,0.0,361.0,0.012304899,0.0934,0.2,-1.31,0.39,0.0003,1.05,940.0,-0.00582,2.33
v3_rebalanced,786432.0,-0.0309,0.166,0.0,-0.0347,48.6,5.04,229.0,96.0,3428.0,0.99,48.6,5.04,0.0,0.0,0.0,297.0,0.007685194,0.0623,0.2,-1.18,0.559,0.0003,1.64,950.0,-0.00509,3.18
v3_rebalanced,794624.0,-0.0412,0.134,0.0,-0.0399,42.7,2.53,228.0,97.0,3471.0,0.96,42.7,2.53,0.0,0.02,0.0,367.0,0.008336936,0.0769,0.2,-1.23,0.586,0.0003,1.1,960.0,-0.0036,2.45
v3_rebalanced,802816.0,-0.0392,0.113,0.0,-0.0355,24.8,-0.0362,228.0,98.0,3515.0,0.97,24.8,-0.0362,0.0,0.02,0.0,431.0,0.008771236,0.0622,0.2,-1.3,0.436,0.0003,0.977,970.0,-0.00452,2.31
v3_rebalanced,811008.0,-0.0266,0.153,0.0,-0.0282,56.4,4.36,228.0,99.0,3549.0,0.98,56.4,4.36,0.0,0.0,0.0,318.0,0.007834768,0.0935,0.2,-1.26,0.509,0.0003,0.895,980.0,-0.00507,1.76
v3_rebalanced,819200.0,-0.0366,0.121,0.0,-0.0343,33.9,1.17,227.0,100.0,3603.0,0.98,33.9,1.17,0.0,0.01,0.0,401.0,0.009055408,0.0933,0.2,-1.22,0.603,0.0003,0.663,990.0,-0.0048,1.51
v3_rebalanced,827392.0,-0.0324,0.12,0.0,-0.0349,42.0,1.94,227.0,101.0,3641.0,0.99,42.0,1.94,0.0,0.0,0.0,373.0,0.00771589,0.0877,0.2,-1.16,0.571,0.0003,0.908,1000.0,-0.00493,1.63
v3_rebalanced,835584.0,-0.028,0.123,0.0,-0.0302,54.3,3.86,226.0,102.0,3685.0,0.99,54.3,3.86,0.0,0.0,0.0,326.0,0.008017279,0.0833,0.2,-1.16,0.544,0.0003,0.677,1010.0,-0.00529,1.51
v3_rebalanced,843776.0,-0.0319,0.143,0.011,-0.0296,37.6,2.92,226.0,103.0,3721.0,0.99,37.6,2.92,0.0,0.0,0.0,360.0,0.010728045,0.0947,0.2,-1.18,0.616,0.0003,0.667,1020.0,-0.00569,1.43
v3_rebalanced,851968.0,-0.0392,0.139,0.0,-0.0419,56.3,2.9,226.0,104.0,3765.0,0.97,56.3,2.9,0.0,0.0,0.0,351.0,0.0063781594,0.0623,0.2,-1.17,0.37,0.0003,2.33,1030.0,-0.00397,3.65
v3_rebalanced,860160.0,-0.0333,0.125,0.00732,-0.0333,40.3,3.69,226.0,105.0,3802.0,0.98,40.3,3.69,0.02,0.0,0.0,352.0,0.007605484,0.0791,0.2,-1.1,0.558,0.0003,1.43,1040.0,-0.00514,2.14
v3_rebalanced,868352.0,-0.0287,0.116,0.00366,-0.029,38.6,2.18,226.0,106.0,3834.0,0.97,38.6,2.18,0.0,0.02,0.0,373.0,0.010129608,0.08,0.2,-1.21,0.469,0.0003,0.927,1050.0,-0.00446,2.52
v3_rebalanced,876544.0,-0.0363,0.111,0.00732,-0.035,31.3,0.00663,226.0,107.0,3875.0,0.97,31.3,0.00663,0.0,0.01,0.0,429.0,0.0059483172,0.0487,0.2,-1.24,0.393,0.0003,1.73,1060.0,-0.00553,3.43
v3_rebalanced,884736.0,-0.0227,0.136,0.00366,-0.0259,54.7,4.73,226.0,108.0,3903.0,0.97,54.7,4.73,0.01,0.0,0.0,314.0,0.0054859463,0.0455,0.2,-1.26,0.609,0.0003,1.22,1070.0,-0.00436,3.24
v3_rebalanced,892928.0,-0.0298,0.141,0.0,-0.0269,47.3,4.31,227.0,109.0,3931.0,0.99,47.3,4.31,0.0,0.0,0.0,325.0,0.011136493,0.106,0.2,-1.31,0.481,0.0003,1.01,1080.0,-0.00658,3.32
v3_rebalanced,901120.0,-0.0399,0.148,0.0,-0.0344,55.8,2.8,226.0,110.0,3971.0,0.95,55.8,2.8,0.0,0.02,0.0,361.0,0.013730556,0.0946,0.2,-1.16,0.487,0.0003,0.696,1090.0,-0.00579,1.96
v3_rebalanced,909312.0,-0.0441,0.157,0.022,-0.0444,25.8,0.912,226.0,111.0,4010.0,0.98,25.8,0.912,0.0,0.02,0.0,406.0,0.012725485,0.103,0.2,-1.05,0.532,0.0003,1.15,1100.0,-0.00649,2.08
v3_rebalanced,917504.0,-0.0372,0.142,0.0,-0.0362,34.6,3.09,227.0,112.0,4040.0,0.98,34.6,3.09,0.0,0.02,0.0,345.0,0.005512294,0.0613,0.2,-1.07,0.334,0.0003,2.07,1110.0,-0.00554,4.9
v3_rebalanced,925696.0,-0.0227,0.117,0.011,-0.0225,67.0,5.4,227.0,113.0,4066.0,0.92,67.0,5.4,0.03,0.01,0.0,317.0,0.007879866,0.0854,0.2,-1.27,0.542,0.0003,1.38,1120.0,-0.00472,2.77
v3_rebalanced,933888.0,-0.0315,0.13,0.0,-0.03,59.3,3.11,227.0,114.0,4105.0,0.94,59.3,3.11,0.0,0.02,0.0,352.0,0.010026201,0.0955,0.2,-1.37,0.447,0.0003,1.39,1130.0,-0.00782,3.96
v3_rebalanced,942080.0,-0.0417,0.145,0.00732,-0.0384,57.0,4.68,227.0,115.0,4145.0,0.95,57.0,4.68,0.02,0.01,0.0,320.0,0.010608948,0.103,0.2,-1.26,0.563,0.0003,1.42,1140.0,-0.00688,2.69
v3_rebalanced,950272.0,-0.0339,0.144,0.0,-0.0332,35.9,1.84,227.0,116.0,4176.0,0.99,35.9,1.84,0.0,0.0,0.0,384.0,0.005349786,0.061,0.2,-1.12,0.429,0.0003,1.52,1150.0,-0.00573,4.36
v3_rebalanced,958464.0,-0.0331,0.124,0.0,-0.0349,43.3,1.44,227.0,117.0,4216.0,0.97,43.3,1.44,0.0,0.01,0.0,392.0,0.007273917,0.0813,0.2,-1.17,0.507,0.0003,1.2,1160.0,-0.00561,2.55
v3_rebalanced,966656.0,-0.0247,0.136,0.0183,-0.023,65.0,6.71,227.0,118.0,4246.0,0.92,65.0,6.71,0.03,0.02,0.0,287.0,0.00824129,0.094,0.2,-1.25,0.559,0.0003,1.23,1170.0,-0.00645,2.32
v3_rebalanced,974848.0,-0.0341,0.122,0.0,-0.0317,36.3,2.42,227.0,119.0,4278.0,0.99,36.3,2.42,0.0,0.0,0.0,368.0,0.0070346273,0.0722,0.2,-1.25,0.431,0.0003,2.92,1180.0,-0.00537,5.38
v3_rebalanced,983040.0,-0.0346,0.111,0.0,-0.034,55.3,4.06,227.0,120.0,4324.0,0.97,55.3,4.06,0.0,0.01,0.0,328.0,0.007953707,0.0925,0.2,-1.18,0.503,0.0003,0.746,1190.0,-0.00538,2.18
v3_rebalanced,991232.0,-0.0333,0.1,0.0,-0.0355,34.8,1.69,227.0,121.0,4363.0,0.98,34.8,1.69,0.0,0.01,0.0,381.0,0.009915274,0.0898,0.2,-1.25,0.591,0.0003,1.31,1200.0,-0.0049,2.18
v3_rebalanced,999424.0,-0.0337,0.119,0.0,-0.0314,38.1,1.98,226.0,122.0,4406.0,0.97,38.1,1.98,0.0,0.02,0.0,374.0,0.00957296,0.092,0.2,-1.27,0.556,0.0003,0.825,1210.0,-0.00541,1.54
v3_rebalanced,1007616.0,-0.0363,0.12,0.0,-0.033,51.0,1.93,226.0,123.0,4449.0,0.96,51.0,1.93,0.0,0.01,0.0,382.0,0.007734601,0.0814,0.2,-1.28,0.596,0.0003,0.717,1220.0,-0.00439,1.76
v3_rebalanced,1015808.0,-0.0381,0.121,0.0,-0.035,40.0,1.59,226.0,124.0,4492.0,0.98,40.0,1.59,0.0,0.01,0.0,385.0,0.0070477277,0.0703,0.2,-1.33,0.62,0.0003,0.851,1230.0,-0.0038,1.62
v3_rebalanced,1024000.0,-0.03,0.138,0.00366,-0.0322,67.8,5.06,226.0,125.0,4527.0,0.94,67.8,5.06,0.01,0.01,0.0,311.0,0.006657566,0.0795,0.2,-1.22,0.656,0.0003,0.702,1240.0,-0.00528,1.78
v3_rebalanced,1032192.0,-0.0396,0.129,0.00366,-0.0373,50.1,3.71,225.0,126.0,4569.0,0.97,50.1,3.71,0.01,0.01,0.0,343.0,0.008193657,0.0761,0.2,-1.22,0.464,0.0003,1.45,1250.0,-0.00433,2.85
v3_rebalanced,1040384.0,-0.0449,0.123,0.0,-0.0442,38.5,1.8,225.0,127.0,4621.0,0.99,38.5,1.8,0.0,0.0,0.0,380.0,0.006222151,0.0658,0.2,-1.16,0.482,0.0003,1.25,1260.0,-0.00553,2.27
v3_rebalanced,1048576.0,-0.0255,0.134,0.0403,-0.0256,45.4,7.18,225.0,128.0,4650.0,0.93,45.4,7.18,0.06,0.01,0.0,300.0,0.006848494,0.0751,0.2,-1.1,0.469,0.0003,1.05,1270.0,-0.00485,1.88
v3_rebalanced,1056768.0,-0.0269,0.102,0.0,-0.029,51.3,2.05,225.0,129.0,4682.0,0.95,51.3,2.05,0.0,0.02,0.0,376.0,0.007821976,0.0538,0.2,-1.26,0.33,0.0003,2.15,1280.0,-0.00546,6.0
v3_rebalanced,1064960.0,-0.0297,0.118,0.00732,-0.0288,46.5,2.25,225.0,130.0,4720.0,0.95,46.5,2.25,0.01,0.01,0.0,379.0,0.008230586,0.0741,0.2,-1.37,0.658,0.0003,1.09,1290.0,-0.00523,2.33
v3_rebalanced,1073152.0,-0.0434,0.119,0.00732,-0.0429,21.0,1.24,224.0,131.0,4770.0,1.0,21.0,1.24,0.0,0.0,0.0,397.0,0.006200215,0.0647,0.2,-1.33,0.711,0.0003,1.43,1300.0,-0.00498,3.2
v3_rebalanced,1081344.0,-0.0324,0.13,0.0,-0.0311,42.4,2.99,225.0,132.0,4802.0,0.98,42.4,2.99,0.0,0.01,0.0,350.0,0.008794746,0.0869,0.2,-1.23,0.41,0.0003,1.19,1310.0,-0.00676,2.52
v3_rebalanced,1089536.0,-0.0234,0.124,0.0183,-0.0226,63.9,7.15,225.0,133.0,4832.0,0.88,63.9,7.15,0.05,0.04,0.0,293.0,0.009305436,0.104,0.2,-1.31,0.582,0.0003,1.1,1320.0,-0.00591,2.25
v3_rebalanced,1097728.0,-0.0551,0.128,0.0,-0.0492,18.2,-1.41,224.0,134.0,4890.0,0.98,18.2,-1.41,0.0,0.01,0.0,459.0,0.011264689,0.0779,0.2,-1.32,0.546,0.0003,2.26,1330.0,-0.00666,5.16
v3_rebalanced,1105920.0,-0.0493,0.112,0.0,-0.0492,23.1,0.637,223.0,135.0,4939.0,0.98,23.1,0.637,0.0,0.02,0.0,416.0,0.007962228,0.0743,0.2,-1.14,0.564,0.0003,1.76,1340.0,-0.00624,2.99
v3_rebalanced,1114112.0,-0.0297,0.115,0.0,-0.0297,52.4,3.72,223.0,136.0,4976.0,0.98,52.4,3.72,0.0,0.01,0.0,329.0,0.006715213,0.0708,0.2,-1.17,0.527,0.0003,0.904,1350.0,-0.00313,2.14
v3_rebalanced,1122304.0,-0.0419,0.124,0.0,-0.0372,21.4,0.658,223.0,137.0,5026.0,0.99,21.4,0.658,0.0,0.01,0.0,412.0,0.021963734,0.128,0.2,-1.24,0.505,0.0003,0.399,1360.0,-0.00678,1.14
v3_rebalanced,1130496.0,-0.0374,0.131,0.0,-0.0364,29.3,2.51,223.0,138.0,5056.0,0.98,29.3,2.51,0.0,0.02,0.0,369.0,0.0077538663,0.0892,0.2,-1.21,0.544,0.0003,0.823,1370.0,-0.00402,1.75
v3_rebalanced,1138688.0,-0.0339,0.128,0.0,-0.0325,34.0,2.26,223.0,139.0,5085.0,0.99,34.0,2.26,0.0,0.01,0.0,367.0,0.009515398,0.0986,0.2,-1.26,0.487,0.0003,0.804,1380.0,-0.00506,1.73
v3_rebalanced,1146880.0,-0.0319,0.134,0.0,-0.033,31.7,1.12,224.0,140.0,5116.0,0.97,31.7,1.12,0.0,0.03,0.0,400.0,0.013610703,0.112,0.2,-1.22,0.553,0.0003,0.801,1390.0,-0.00615,1.66
v3_rebalanced,1155072.0,-0.0293,0.156,0.00732,-0.027,40.9,4.65,224.0,141.0,5140.0,0.98,40.9,4.65,0.01,0.01,0.0,322.0,0.008258993,0.094,0.2,-1.22,0.606,0.0003,0.736,1400.0,-0.00528,1.51
v3_rebalanced,1163264.0,-0.0278,0.126,0.0,-0.0265,44.7,3.03,225.0,142.0,5167.0,0.97,44.7,3.03,0.0,0.02,0.0,353.0,0.011592544,0.0895,0.2,-1.22,0.422,0.0003,1.29,1410.0,-0.0069,4.22
v3_rebalanced,1171456.0,-0.0267,0.158,0.0146,-0.0305,71.3,7.91,225.0,143.0,5189.0,0.92,71.3,7.91,0.04,0.01,0.0,258.0,0.009469416,0.109,0.2,-1.14,0.605,0.0003,0.78,1420.0,-0.00669,1.76
v3_rebalanced,1179648.0,-0.0372,0.128,0.0,-0.0369,32.4,1.9,225.0,144.0,5231.0,0.98,32.4,1.9,0.0,0.02,0.0,382.0,0.0068175243,0.0604,0.2,-1.16,0.465,0.0003,1.96,1430.0,-0.00563,4.11
v3_rebalanced,1187840.0,-0.0266,0.118,0.00366,-0.029,52.9,2.38,225.0,145.0,5263.0,0.96,52.9,2.38,0.0,0.01,0.0,367.0,0.007605982,0.084,0.2,-1.17,0.444,0.0003,0.965,1440.0,-0.00571,1.85
v3_rebalanced,1196032.0,-0.0357,0.121,0.0,-0.0334,42.2,2.28,225.0,146.0,5300.0,0.95,42.2,2.28,0.0,0.03,0.0,377.0,0.009445839,0.1,0.2,-1.26,0.558,0.0003,1.01,1450.0,-0.00479,1.92
v3_rebalanced,1204224.0,-0.046,0.128,0.0,-0.0433,28.2,1.32,225.0,147.0,5351.0,0.99,28.2,1.32,0.0,0.01,0.0,395.0,0.009029376,0.0922,0.2,-1.1,0.565,0.0003,0.716,1460.0,-0.00654,1.49
v3_rebalanced,1212416.0,-0.0423,0.118,0.0,-0.0395,37.1,0.58,224.0,148.0,5400.0,0.97,37.1,0.58,0.0,0.01,0.0,412.0,0.008790423,0.0837,0.2,-1.05,0.465,0.0003,0.817,1470.0,-0.00561,1.54
v3_rebalanced,1220608.0,-0.0234,0.142,0.0146,-0.0233,72.6,7.7,224.0,149.0,5430.0,0.93,72.6,7.7,0.04,0.0,0.0,266.0,0.006455459,0.071,0.2,-1.14,0.474,0.0003,0.684,1480.0,-0.00458,1.48
v3_rebalanced,1228800.0,-0.0348,0.137,0.0,-0.0335,49.0,2.75,224.0,150.0,5471.0,0.95,49.0,2.75,0.0,0.03,0.0,356.0,0.010530587,0.0687,0.2,-1.23,0.412,0.0003,1.36,1490.0,-0.00599,3.73
v3_rebalanced,1236992.0,-0.0485,0.145,0.0,-0.0432,39.0,2.15,223.0,151.0,5523.0,0.96,39.0,2.15,0.0,0.02,0.0,375.0,0.0077289524,0.09,0.2,-1.13,0.632,0.0003,1.14,1500.0,-0.00535,2.04
v3_rebalanced,1245184.0,-0.0293,0.124,0.0,-0.0314,48.4,2.12,223.0,152.0,5569.0,0.98,48.4,2.12,0.0,0.0,0.0,370.0,0.006968245,0.0808,0.2,-0.982,0.313,0.0003,0.797,1510.0,-0.00392,1.87
v3_rebalanced,1253376.0,-0.043,0.14,0.00366,-0.0397,37.5,3.62,223.0,153.0,5614.0,1.0,37.5,3.62,0.0,0.0,0.0,336.0,0.007945754,0.089,0.2,-1.06,0.601,0.0003,0.696,1520.0,-0.00413,1.41
v3_rebalanced,1261568.0,-0.0291,0.129,0.00366,-0.0302,55.3,4.68,223.0,154.0,5641.0,0.97,55.3,4.68,0.01,0.0,0.0,315.0,0.007043275,0.0741,0.2,-1.02,0.347,0.0003,1.1,1530.0,-0.00581,2.59
v3_rebalanced,1269760.0,-0.0385,0.129,0.00366,-0.0348,51.8,3.44,223.0,155.0,5688.0,0.95,51.8,3.44,0.01,0.01,0.0,354.0,0.012586914,0.0859,0.2,-1.11,0.506,0.0003,1.08,1540.0,-0.00686,2.52
v3_rebalanced,1277952.0,-0.0538,0.149,0.0,-0.0487,49.0,2.2,222.0,156.0,5740.0,0.94,49.0,2.2,0.0,0.03,0.0,370.0,0.0058670193,0.0643,0.2,-1.05,0.554,0.0003,1.16,1550.0,-0.00442,2.4
v3_rebalanced,1286144.0,-0.0401,0.14,0.0,-0.0405,22.5,0.96,222.0,157.0,5788.0,0.99,22.5,0.96,0.0,0.01,0.0,401.0,0.006007688,0.0709,0.2,-0.907,0.45,0.0003,1.21,1560.0,-0.00543,2.32
v3_rebalanced,1294336.0,-0.0346,0.114,0.0,-0.0333,49.4,2.58,221.0,158.0,5837.0,0.98,49.4,2.58,0.0,0.0,0.0,362.0,0.008986332,0.0897,0.2,-0.964,0.484,0.0003,1.2,1570.0,-0.00662,2.91
v3_rebalanced,1302528.0,-0.0526,0.128,0.0,-0.0505,20.2,0.278,220.0,159.0,5900.0,0.98,20.2,0.278,0.0,0.02,0.0,421.0,0.006536258,0.0715,0.2,-1.05,0.506,0.0003,0.892,1580.0,-0.00304,1.64
v3_rebalanced,1310720.0,-0.0454,0.132,0.0,-0.0444,26.0,1.56,219.0,160.0,5968.0,0.98,26.0,1.56,0.0,0.02,0.0,391.0,0.006730262,0.0828,0.2,-0.963,0.442,0.0003,0.539,1590.0,-0.0042,1.69
v3_rebalanced,1318912.0,-0.0372,0.124,0.00732,-0.0374,41.0,3.78,219.0,161.0,6017.0,0.97,41.0,3.78,0.02,0.0,0.0,349.0,0.0063921036,0.0691,0.2,-0.946,0.541,0.0003,0.659,1600.0,-0.00377,1.69
v3_rebalanced,1327104.0,-0.0366,0.132,0.00366,-0.0356,36.3,1.75,218.0,162.0,6068.0,0.99,36.3,1.75,0.0,0.0,0.0,382.0,0.005400586,0.0558,0.2,-1.01,0.453,0.0003,0.997,1610.0,-0.00561,2.97
v3_rebalanced,1335296.0,-0.0335,0.155,0.0,-0.0328,57.2,3.44,218.0,163.0,6105.0,0.97,57.2,3.44,0.0,0.0,0.0,338.0,0.0075277705,0.0752,0.2,-0.942,0.492,0.0003,1.22,1620.0,-0.00525,2.07
v3_rebalanced,1343488.0,-0.0234,0.147,0.011,-0.0241,50.6,7.15,219.0,164.0,6130.0,0.97,50.6,7.15,0.02,0.01,0.0,262.0,0.009108409,0.0751,0.2,-0.974,0.541,0.0003,1.14,1630.0,-0.00544,2.5
v3_rebalanced,1351680.0,-0.0284,0.13,0.0,-0.0276,50.4,3.52,219.0,165.0,6167.0,0.98,50.4,3.52,0.0,0.0,0.0,339.0,0.006593336,0.0637,0.2,-1.08,0.555,0.0003,1.2,1640.0,-0.00434,2.97
v3_rebalanced,1359872.0,-0.0432,0.127,0.0,-0.0434,36.8,1.96,218.0,166.0,6216.0,0.98,36.8,1.96,0.0,0.01,0.0,373.0,0.010030854,0.105,0.2,-1.11,0.628,0.0003,0.962,1650.0,-0.00559,2.1
v3_rebalanced,1368064.0,-0.0352,0.124,0.00366,-0.034,28.2,0.963,218.0,167.0,6256.0,0.98,28.2,0.963,0.0,0.01,0.0,405.0,0.008921666,0.0859,0.2,-1.06,0.485,0.0003,0.942,1660.0,-0.00517,2.19
v3_rebalanced,1376256.0,-0.0267,0.109,0.00366,-0.0273,65.6,2.56,218.0,168.0,6290.0,0.94,65.6,2.56,0.0,0.01,0.0,366.0,0.009153647,0.083,0.2,-1.07,0.542,0.0003,0.91,1670.0,-0.00566,2.29
v3_rebalanced,1384448.0,-0.0324,0.141,0.0,-0.0329,34.0,2.61,218.0,169.0,6322.0,0.96,34.0,2.61,0.0,0.04,0.0,360.0,0.01221143,0.101,0.2,-1.16,0.52,0.0003,0.814,1680.0,-0.00494,1.93
v3_rebalanced,1392640.0,-0.0427,0.152,0.0,-0.042,34.2,2.06,218.0,170.0,6362.0,0.97,34.2,2.06,0.0,0.02,0.0,376.0,0.0064783567,0.0634,0.2,-0.987,0.573,0.0003,1.09,1690.0,-0.00559,1.85
v3_rebalanced,1400832.0,-0.0436,0.131,0.0,-0.0451,37.5,1.29,218.0,171.0,6414.0,0.98,37.5,1.29,0.0,0.01,0.0,392.0,0.0062062577,0.0636,0.2,-0.842,0.508,0.0003,0.81,1700.0,-0.00372,2.0
v3_rebalanced,1409024.0,-0.033,0.117,0.0,-0.0326,40.3,2.34,218.0,172.0,6459.0,0.97,40.3,2.34,0.0,0.02,0.0,367.0,0.006823005,0.0799,0.2,-0.935,0.495,0.0003,0.708,1710.0,-0.00421,1.79
v3_rebalanced,1417216.0,-0.0361,0.135,0.00732,-0.0309,43.4,3.96,217.0,173.0,6504.0,0.92,43.4,3.96,0.02,0.04,0.0,350.0,0.0062303054,0.0815,0.2,-1.12,0.557,0.0003,0.811,1720.0,-0.00441,1.65
v3_rebalanced,1425408.0,-0.0417,0.158,0.00366,-0.0361,50.2,3.15,217.0,174.0,6539.0,0.93,50.2,3.15,0.01,0.03,0.0,359.0,0.009409698,0.0845,0.2,-1.02,0.253,0.0003,1.01,1730.0,-0.00542,2.28
v3_rebalanced,1433600.0,-0.048,0.159,0.00366,-0.0429,32.0,2.79,217.0,175.0,6585.0,0.98,32.0,2.79,0.01,0.01,0.0,367.0,0.0063023916,0.0717,0.2,-0.795,0.462,0.0003,1.24,1740.0,-0.00471,2.71
v3_rebalanced,1441792.0,-0.0233,0.141,0.00366,-0.0249,45.8,5.66,218.0,176.0,6610.0,0.95,45.8,5.66,0.01,0.04,0.0,293.0,0.0063893385,0.062,0.2,-0.728,0.513,0.0003,1.27,1750.0,-0.00507,3.04
v3_rebalanced,1449984.0,-0.0328,0.136,0.0146,-0.0315,31.0,1.22,218.0,177.0,6649.0,0.97,31.0,1.22,0.0,0.02,0.0,397.0,0.007712298,0.0754,0.2,-0.993,0.586,0.0003,1.28,1760.0,-0.00494,3.14
v3_rebalanced,1458176.0,-0.0408,0.124,0.0,-0.0396,38.8,1.96,217.0,178.0,6698.0,0.96,38.8,1.96,0.0,0.03,0.0,382.0,0.0060513467,0.067,0.2,-1.02,0.397,0.0003,2.65,1770.0,-0.00531,4.28
v3_rebalanced,1466368.0,-0.0392,0.122,0.0,-0.0389,22.3,0.456,217.0,179.0,6735.0,0.98,22.3,0.456,0.0,0.02,0.0,418.0,0.00671079,0.0913,0.2,-0.947,0.383,0.0003,0.93,1780.0,-0.00444,1.57
v3_rebalanced,1474560.0,-0.0317,0.108,0.00366,-0.0287,55.4,3.37,217.0,180.0,6780.0,0.93,55.4,3.37,0.01,0.03,0.0,354.0,0.007530169,0.0716,0.2,-1.04,0.435,0.0003,1.2,1790.0,-0.0048,1.92
v3_rebalanced,1482752.0,-0.037,0.13,0.0,-0.0395,37.0,1.24,217.0,181.0,6819.0,0.98,37.0,1.24,0.0,0.0,0.0,394.0,0.010263223,0.0949,0.2,-1.17,0.371,0.0003,2.53,1800.0,-0.00606,2.5
v3_rebalanced,1490944.0,-0.0278,0.121,0.00366,-0.0283,50.7,1.79,217.0,182.0,6854.0,0.97,50.7,1.79,0.0,0.01,0.0,379.0,0.007354919,0.0778,0.2,-1.08,0.417,0.0003,0.726,1810.0,-0.00497,1.47
v3_rebalanced,1499136.0,-0.0264,0.149,0.00366,-0.0272,45.4,4.6,217.0,183.0,6880.0,0.98,45.4,4.6,0.01,0.0,0.0,318.0,0.009716904,0.0939,0.2,-1.07,0.482,0.0003,0.563,1820.0,-0.00637,1.8
v3_rebalanced,1507328.0,-0.024,0.151,0.0183,-0.0257,65.2,7.67,218.0,184.0,6900.0,0.92,65.2,7.67,0.05,0.0,0.0,272.0,0.009031912,0.0876,0.2,-1.13,0.605,0.0003,1.37,1830.0,-0.0041,3.09
v3_rebalanced,1515520.0,-0.024,0.155,0.0146,-0.0231,54.4,8.0,218.0,185.0,6923.0,0.94,54.4,8.0,0.04,0.01,0.0,260.0,0.0068855663,0.0675,0.2,-1.18,0.446,0.0003,2.21,1840.0,-0.00646,6.2
v3_rebalanced,1523712.0,-0.0346,0.138,0.0,-0.0301,35.1,2.46,219.0,186.0,6951.0,0.97,35.1,2.46,0.0,0.02,0.0,371.0,0.008392308,0.0736,0.2,-1.12,0.636,0.0003,2.05,1850.0,-0.00619,4.51
v3_rebalanced,1531904.0,-0.0271,0.13,0.00366,-0.0272,63.8,5.32,219.0,187.0,6973.0,0.93,63.8,5.32,0.01,0.03,0.0,301.0,0.007261106,0.0869,0.2,-1.09,0.6,0.0003,1.05,1860.0,-0.00555,2.13
v3_rebalanced,1540096.0,-0.0242,0.145,0.00366,-0.0254,42.8,4.58,220.0,188.0,6993.0,0.99,42.8,4.58,0.01,0.0,0.0,319.0,0.007364642,0.0718,0.2,-1.1,0.659,0.0003,0.983,1870.0,-0.00437,2.6
v3_rebalanced,1548288.0,-0.0328,0.142,0.00366,-0.0316,31.0,3.37,220.0,189.0,7019.0,0.99,31.0,3.37,0.0,0.01,0.0,342.0,0.0072767353,0.0746,0.2,-1.22,0.565,0.0003,1.14,1880.0,-0.00548,3.66
v3_rebalanced,1556480.0,-0.0308,0.141,0.00366,-0.0316,50.8,3.42,220.0,190.0,7057.0,0.97,50.8,3.42,0.0,0.01,0.0,341.0,0.009174334,0.0786,0.2,-1.05,0.471,0.0003,1.19,1890.0,-0.00509,3.17
v3_rebalanced,1564672.0,-0.0399,0.103,0.0,-0.0398,29.4,0.748,220.0,191.0,7107.0,0.97,29.4,0.748,0.0,0.03,0.0,410.0,0.0075514424,0.0781,0.2,-1.07,0.572,0.0003,1.03,1900.0,-0.00467,2.54
v3_rebalanced,1572864.0,-0.0341,0.142,0.0,-0.0292,40.2,3.06,220.0,192.0,7147.0,0.98,40.2,3.06,0.0,0.01,0.0,355.0,0.011725979,0.121,0.2,-1.06,0.287,0.0003,0.597,1910.0,-0.00496,1.29
v3_rebalanced,1581056.0,-0.0591,0.131,0.0,-0.056,28.0,0.201,219.0,193.0,7204.0,0.98,28.0,0.201,0.0,0.01,0.0,427.0,0.010721981,0.108,0.2,-1.04,0.45,0.0003,0.829,1920.0,-0.00593,1.79
v3_rebalanced,1589248.0,-0.0293,0.126,0.0,-0.0278,42.3,3.77,219.0,194.0,7241.0,0.99,42.3,3.77,0.0,0.01,0.0,335.0,0.006134456,0.0709,0.2,-0.877,0.376,0.0003,0.935,1930.0,-0.00451,1.85
v3_rebalanced,1597440.0,-0.0377,0.111,0.0,-0.0386,51.8,2.22,219.0,195.0,7286.0,0.97,51.8,2.22,0.0,0.01,0.0,368.0,0.009786995,0.0995,0.2,-1.08,0.514,0.0003,0.842,1940.0,-0.0065,1.48
v3_rebalanced,1605632.0,-0.0427,0.137,0.0,-0.0409,30.9,1.72,219.0,196.0,7331.0,0.99,30.9,1.72,0.0,0.0,0.0,384.0,0.008728933,0.0876,0.2,-1.13,0.54,0.0003,0.803,1950.0,-0.00534,1.64
v3_rebalanced,1613824.0,-0.032,0.117,0.0,-0.0352,49.8,2.82,219.0,197.0,7367.0,0.95,49.8,2.82,0.0,0.03,0.0,354.0,0.007704474,0.0685,0.2,-0.989,0.637,0.0003,0.885,1960.0,-0.00394,1.87
v3_rebalanced,1622016.0,-0.0161,0.0823,0.0,-0.0153,57.7,3.65,219.0,198.0,7395.0,0.95,57.7,3.65,0.0,0.02,0.0,340.0,0.0063030478,0.0654,0.2,-1.29,0.621,0.0003,1.07,1970.0,-0.00405,2.02
v3_rebalanced,1630208.0,-0.0295,0.11,0.0146,-0.03,61.8,4.62,219.0,199.0,7436.0,0.92,61.8,4.62,0.04,0.0,0.0,341.0,0.021985965,0.148,0.2,-1.47,0.652,0.0003,0.32,1980.0,-0.00734,0.815
v3_rebalanced,1638400.0,-0.0465,0.133,0.0,-0.043,25.6,1.5,219.0,200.0,7481.0,0.99,25.6,1.5,0.0,0.01,0.0,393.0,0.010653757,0.087,0.2,-1.2,0.222,0.0003,1.04,1990.0,-0.00599,3.79
v3_rebalanced,1646592.0,-0.0359,0.143,0.00366,-0.037,39.2,2.51,219.0,201.0,7516.0,0.97,39.2,2.51,0.01,0.01,0.0,372.0,0.0070808306,0.0707,0.2,-0.909,0.442,0.0003,1.09,2000.0,-0.00477,2.29
v3_rebalanced,1654784.0,-0.0397,0.126,0.00366,-0.0385,35.5,2.71,218.0,202.0,7560.0,0.98,35.5,2.71,0.0,0.02,0.0,359.0,0.0059615467,0.0634,0.2,-0.855,0.522,0.0003,1.25,2010.0,-0.00663,3.26
v3_rebalanced,1662976.0,-0.03,0.117,0.0,-0.0313,46.5,2.45,218.0,203.0,7595.0,0.97,46.5,2.45,0.0,0.01,0.0,366.0,0.0060757757,0.0673,0.2,-1.02,0.623,0.0003,1.22,2020.0,-0.00547,3.15
v3_rebalanced,1671168.0,-0.0317,0.171,0.011,-0.0311,45.7,5.89,219.0,204.0,7625.0,0.95,45.7,5.89,0.03,0.01,0.0,302.0,0.009265838,0.0793,0.2,-1.1,0.715,0.0003,0.872,2030.0,-0.00438,2.03
v3_rebalanced,1679360.0,-0.0414,0.145,0.011,-0.0401,35.8,1.18,218.0,205.0,7671.0,0.96,35.8,1.18,0.0,0.02,0.0,401.0,0.0068705897,0.0612,0.2,-1.03,0.581,0.0003,1.48,2040.0,-0.00575,3.88
v3_rebalanced,1687552.0,-0.0474,0.17,0.011,-0.043,41.3,5.0,218.0,206.0,7713.0,0.96,41.3,5.0,0.02,0.02,0.0,319.0,0.007164643,0.0583,0.2,-0.899,0.631,0.0003,1.27,2050.0,-0.00604,3.65
v3_rebalanced,1695744.0,-0.0339,0.113,0.0,-0.036,41.1,1.44,218.0,207.0,7752.0,0.98,41.1,1.44,0.0,0.01,0.0,387.0,0.006816824,0.0713,0.2,-0.919,0.405,0.0003,2.34,2060.0,-0.00651,6.31
v3_rebalanced,1703936.0,-0.0317,0.13,0.0,-0.0269,49.1,3.39,218.0,208.0,7787.0,0.96,49.1,3.39,0.0,0.02,0.0,347.0,0.00944286,0.109,0.2,-1.06,0.55,0.0003,0.858,2070.0,-0.00394,1.9
v3_rebalanced,1712128.0,-0.0421,0.119,0.0,-0.0409,34.5,0.669,218.0,209.0,7836.0,0.97,34.5,0.669,0.0,0.01,0.0,412.0,0.012499258,0.121,0.2,-1.12,0.607,0.0003,1.03,2080.0,-0.00569,1.91
v3_rebalanced,1720320.0,-0.0353,0.139,0.0,-0.0353,55.4,4.81,218.0,210.0,7877.0,0.97,55.4,4.81,0.0,0.01,0.0,310.0,0.01172864,0.101,0.2,-1.07,0.438,0.0003,0.907,2090.0,-0.00516,1.67
v3_rebalanced,1728512.0,-0.0359,0.148,0.0146,-0.0356,42.4,5.3,218.0,211.0,7911.0,0.94,42.4,5.3,0.04,0.01,0.0,329.0,0.008884659,0.0893,0.2,-1.04,0.658,0.0003,1.07,2100.0,-0.00404,2.01
v4_killfast,8192.0,,0.0393,0.0,,18.2,1.05,315.0,1.0,25.0,0.94,18.2,1.05,0.0,0.06,0.0,474.0,,,,,,,,,,
v4_killfast,16384.0,,0.0479,0.0,,14.7,0.805,319.0,2.0,51.0,0.97,14.7,0.805,0.0,0.03,0.0,480.0,0.009609317,0.118,0.2,-2.56,-0.241,0.0003,0.15,10.0,-0.0137,0.442
v4_killfast,24576.0,,0.0555,0.0,,35.5,0.808,337.0,3.0,72.0,0.92,35.5,0.808,0.0,0.04,0.0,480.0,0.009546727,0.0806,0.2,-2.54,0.172,0.0003,0.428,20.0,-0.012,0.717
v4_killfast,32768.0,,0.0646,0.0,,16.2,0.891,327.0,4.0,100.0,0.99,16.2,0.891,0.0,0.0,0.0,478.0,0.009960608,0.0894,0.2,-2.52,0.459,0.0003,0.312,30.0,-0.0133,0.741
v4_killfast,40960.0,,0.0883,0.0,,31.2,4.1,350.0,5.0,116.0,0.97,31.2,4.1,0.0,0.02,0.0,398.0,0.008957715,0.108,0.2,-2.48,0.407,0.0003,0.346,40.0,-0.0149,1.05
v4_killfast,49152.0,,0.0903,0.0,,33.4,3.59,367.0,6.0,133.0,0.95,33.4,3.59,0.0,0.03,0.0,410.0,0.01127958,0.112,0.2,-2.46,0.531,0.0003,0.618,50.0,-0.0132,1.22
v4_killfast,57344.0,,0.11,0.0,,34.5,5.34,376.0,7.0,152.0,0.96,34.5,5.34,0.0,0.03,0.0,367.0,0.008522065,0.0995,0.2,-2.41,0.596,0.0003,0.558,60.0,-0.0144,1.36
v4_killfast,65536.0,,0.113,0.0,,28.3,2.94,377.0,8.0,173.0,0.98,28.3,2.94,0.0,0.0,0.0,427.0,0.0091254525,0.104,0.2,-2.37,0.656,0.0003,0.82,70.0,-0.0122,1.55
v4_killfast,73728.0,,0.144,0.0,,20.1,3.71,389.0,9.0,189.0,0.96,20.1,3.71,0.0,0.03,0.0,407.0,0.0091567,0.115,0.2,-2.29,0.665,0.0003,0.609,80.0,-0.014,1.4
v4_killfast,81920.0,,0.16,0.0258,,34.5,9.19,409.0,10.0,199.0,0.93,34.5,9.19,0.02,0.04,0.0,306.0,0.008764742,0.0794,0.2,-2.27,0.682,0.0003,0.709,90.0,-0.0102,1.82
v4_killfast,90112.0,,0.163,0.0,,46.7,6.22,417.0,11.0,215.0,0.95,46.7,6.22,0.0,0.02,0.0,345.0,0.008312309,0.0589,0.2,-2.24,0.31,0.0003,8.93,100.0,-0.00662,16.2
v4_killfast,98304.0,,0.168,0.0,,28.9,4.2,423.0,12.0,232.0,0.97,28.9,4.2,0.0,0.02,0.0,395.0,0.007038779,0.0564,0.2,-2.1,0.656,0.0003,1.78,110.0,-0.00758,3.43
v4_killfast,106496.0,,0.165,0.0,,33.1,5.07,428.0,13.0,248.0,0.94,33.1,5.07,0.0,0.04,0.0,373.0,0.007298763,0.063,0.2,-2.09,0.642,0.0003,1.59,120.0,-0.00581,2.98
v4_killfast,114688.0,,0.192,0.0174,,48.6,9.89,438.0,14.0,261.0,0.89,48.6,9.89,0.02,0.06,0.0,289.0,0.0077889115,0.0801,0.2,-2.09,0.709,0.0003,0.968,130.0,-0.00735,2.13
v4_killfast,122880.0,,0.199,0.0,,36.4,6.46,440.0,15.0,278.0,0.93,36.4,6.46,0.0,0.05,0.0,339.0,0.0060864757,0.0398,0.2,-2.06,0.341,0.0003,8.16,140.0,-0.00557,13.0
v4_killfast,131072.0,,0.158,0.0,,44.8,8.39,453.0,16.0,289.0,0.96,44.8,8.39,0.0,0.02,0.0,291.0,0.008614792,0.0811,0.2,-1.97,0.586,0.0003,1.96,150.0,-0.00774,3.12
v4_killfast,139264.0,,0.114,0.0251,,68.0,9.83,459.0,17.0,302.0,0.89,68.0,9.83,0.03,0.03,0.0,306.0,0.010521839,0.0881,0.2,-2.02,0.77,0.0003,0.722,160.0,-0.00726,2.01
v4_killfast,147456.0,,0.17,0.00871,,59.5,7.13,461.0,18.0,319.0,0.91,59.5,7.13,0.0,0.04,0.0,322.0,0.0064896354,0.0471,0.2,-2.06,0.325,0.0003,6.38,170.0,-0.00585,12.7
v4_killfast,155648.0,,0.155,0.0163,,41.7,7.52,462.0,19.0,336.0,0.95,41.7,7.52,0.02,0.01,0.0,346.0,0.006288238,0.0505,0.2,-1.96,0.491,0.0003,5.84,180.0,-0.0054,8.24
v4_killfast,163840.0,,0.139,0.0,,45.8,7.04,462.0,20.0,354.0,0.93,45.8,7.04,0.0,0.04,0.0,324.0,0.0049122088,0.0503,0.2,-1.94,0.496,0.0003,4.37,190.0,-0.00614,7.54
v4_killfast,172032.0,,0.113,0.0,,84.4,6.14,464.0,21.0,370.0,0.9,84.4,6.14,0.0,0.02,0.0,347.0,0.0073114787,0.0747,0.2,-2.02,0.707,0.0003,1.6,200.0,-0.007,2.95
v4_killfast,180224.0,,0.114,0.0,,55.8,5.75,460.0,22.0,391.0,0.96,55.8,5.75,0.0,0.01,0.0,357.0,0.007989982,0.075,0.2,-2.03,0.73,0.0003,1.15,210.0,-0.00745,1.94
v4_killfast,188416.0,,0.155,0.0,,40.6,6.07,449.0,23.0,418.0,0.97,40.6,6.07,0.0,0.01,0.0,349.0,0.009745568,0.085,0.2,-1.87,0.741,0.0003,0.8,220.0,-0.0062,1.81
v4_killfast,196608.0,,0.175,0.00883,,17.6,3.24,435.0,24.0,451.0,0.97,17.6,3.24,0.0,0.03,0.0,419.0,0.007679462,0.0827,0.2,-1.76,0.682,0.0003,0.952,230.0,-0.00695,2.06
v4_killfast,204800.0,,0.138,0.0,,30.7,5.62,427.0,25.0,478.0,0.99,30.7,5.62,0.0,0.01,0.0,360.0,0.008092262,0.0675,0.2,-1.71,0.306,0.0003,8.54,240.0,-0.00585,8.52
v4_killfast,212992.0,,0.167,0.0084,,8.84,2.51,412.0,26.0,516.0,1.0,8.84,2.51,0.0,0.0,0.0,437.0,0.009222953,0.09,0.2,-1.76,0.691,0.0003,0.822,250.0,-0.00682,1.94
v4_killfast,221184.0,,0.114,0.0,,37.0,5.42,401.0,27.0,550.0,0.98,37.0,5.42,0.0,0.01,0.0,365.0,0.0070871618,0.0631,0.2,-1.64,0.336,0.0003,1.67,260.0,-0.00688,7.61
v4_killfast,229376.0,,0.124,0.0,,47.3,6.48,401.0,28.0,571.0,0.95,47.3,6.48,0.0,0.03,0.0,339.0,0.010192623,0.109,0.2,-1.72,0.627,0.0003,0.828,270.0,-0.00909,1.65
v4_killfast,237568.0,,0.118,0.0,,32.3,4.07,395.0,29.0,600.0,0.97,32.3,4.07,0.0,0.02,0.0,399.0,0.008657744,0.0826,0.2,-1.79,0.705,0.0003,0.951,280.0,-0.0069,1.75
v4_killfast,245760.0,,0.142,0.0,,36.5,5.32,390.0,30.0,629.0,0.98,36.5,5.32,0.0,0.01,0.0,367.0,0.007354607,0.0875,0.2,-1.69,0.705,0.0003,0.564,290.0,-0.00866,1.77
v4_killfast,253952.0,,0.146,0.0,,54.2,6.29,385.0,31.0,659.0,0.95,54.2,6.29,0.0,0.02,0.0,343.0,0.007454427,0.0691,0.2,-1.59,0.661,0.0003,0.765,300.0,-0.00734,1.76
v4_killfast,262144.0,,0.133,0.0,,53.9,8.13,381.0,32.0,686.0,1.0,53.9,8.13,0.0,0.0,0.0,298.0,0.009211617,0.0833,0.2,-1.59,0.693,0.0003,0.671,310.0,-0.0061,1.72
v4_killfast,270336.0,,0.133,0.0,,45.6,6.29,376.0,33.0,718.0,0.96,45.6,6.29,0.0,0.03,0.0,343.0,0.0073458888,0.0758,0.2,-1.61,0.759,0.0003,0.733,320.0,-0.00542,1.48
v4_killfast,278528.0,,0.149,0.0,,28.6,4.93,371.0,34.0,749.0,0.99,28.6,4.93,0.0,0.01,0.0,377.0,0.007889241,0.0813,0.2,-1.56,0.718,0.0003,0.974,330.0,-0.00589,1.56
v4_killfast,286720.0,,0.142,0.00839,,49.1,6.71,369.0,35.0,776.0,0.98,49.1,6.71,0.0,0.0,0.0,333.0,0.00677169,0.0623,0.2,-1.52,0.73,0.0003,0.837,340.0,-0.00419,1.67
v4_killfast,294912.0,,0.146,0.0,,56.6,7.65,364.0,36.0,809.0,0.96,56.6,7.65,0.0,0.02,0.0,309.0,0.007308252,0.0759,0.2,-1.57,0.362,0.0003,0.92,350.0,-0.00557,4.96
v4_killfast,303104.0,,0.12,0.0,,44.9,4.18,358.0,37.0,844.0,0.98,44.9,4.18,0.0,0.0,0.0,396.0,0.008566222,0.0844,0.2,-1.49,0.676,0.0003,0.757,360.0,-0.00672,1.68
v4_killfast,311296.0,,0.153,0.0,,39.4,6.84,354.0,38.0,877.0,1.0,39.4,6.84,0.0,0.0,0.0,329.0,0.007979624,0.0838,0.2,-1.4,0.699,0.0003,0.518,370.0,-0.00608,1.2
v4_killfast,319488.0,,0.129,0.0,,48.0,6.09,352.0,39.0,906.0,0.97,48.0,6.09,0.0,0.01,0.0,348.0,0.0074342936,0.0843,0.2,-1.45,0.719,0.0003,0.578,380.0,-0.00618,1.53
v4_killfast,327680.0,,0.14,0.00857,,28.3,3.58,346.0,40.0,945.0,0.97,28.3,3.58,0.0,0.02,0.0,411.0,0.01015031,0.0821,0.2,-1.46,0.768,0.0003,0.746,390.0,-0.00437,1.32
v4_killfast,335872.0,,0.13,0.00869,,24.7,3.18,340.0,41.0,987.0,0.98,24.7,3.18,0.0,0.01,0.0,421.0,0.006938548,0.0757,0.2,-1.44,0.34,0.0003,1.25,400.0,-0.00629,7.1
v4_killfast,344064.0,,0.125,0.0,,37.0,4.31,335.0,42.0,1026.0,0.97,37.0,4.31,0.0,0.02,0.0,393.0,0.00832676,0.0778,0.2,-1.46,0.362,0.0003,1.35,410.0,-0.00574,7.08
v4_killfast,352256.0,,0.105,0.00827,,44.3,5.97,330.0,43.0,1065.0,0.95,44.3,5.97,0.01,0.03,0.0,368.0,0.010667315,0.0696,0.2,-1.45,0.721,0.0003,0.538,420.0,-0.00419,1.46
v4_killfast,360448.0,,0.118,0.0,,44.6,5.58,327.0,44.0,1101.0,0.98,44.6,5.58,0.0,0.01,0.0,361.0,0.008115108,0.0712,0.2,-1.52,0.367,0.0003,8.28,430.0,-0.00527,5.9
v4_killfast,368640.0,,0.144,0.0,,30.0,4.67,325.0,45.0,1132.0,0.98,30.0,4.67,0.0,0.01,0.0,384.0,0.008038709,0.0794,0.2,-1.47,0.692,0.0003,0.758,440.0,-0.00567,1.63
v4_killfast,376832.0,,0.125,0.0,,34.4,4.23,323.0,46.0,1163.0,0.97,34.4,4.23,0.0,0.01,0.0,395.0,0.0056707943,0.0462,0.2,-1.45,0.636,0.0003,0.902,450.0,-0.00429,2.23
v4_killfast,385024.0,,0.137,0.0,,50.3,6.24,323.0,47.0,1191.0,0.98,50.3,6.24,0.0,0.0,0.0,345.0,0.007140791,0.0783,0.2,-1.43,0.73,0.0003,0.903,460.0,-0.00478,1.63
v4_killfast,393216.0,,0.149,0.0,,32.0,4.12,320.0,48.0,1227.0,0.96,32.0,4.12,0.0,0.03,0.0,397.0,0.008409281,0.0816,0.2,-1.49,0.77,0.0003,0.706,470.0,-0.0042,1.66
v4_killfast,401408.0,,0.146,0.0,,44.5,6.91,319.0,49.0,1257.0,1.0,44.5,6.91,0.0,0.0,0.0,328.0,0.007059768,0.0634,0.2,-1.3,0.713,0.0003,0.895,480.0,-0.00474,2.02
v4_killfast,409600.0,,0.146,0.0,,46.9,7.04,317.0,50.0,1290.0,0.97,46.9,7.04,0.0,0.02,0.0,325.0,0.007625108,0.0896,0.2,-1.41,0.749,0.0003,0.639,490.0,-0.00541,1.75
v4_killfast,417792.0,,0.121,0.0338,,70.6,10.6,316.0,51.0,1318.0,0.91,70.6,10.6,0.04,0.01,0.0,306.0,0.006534605,0.0707,0.2,-1.36,0.724,0.0003,0.793,500.0,-0.00462,1.66
v4_killfast,425984.0,,0.124,0.0255,,50.1,8.76,317.0,52.0,1342.0,0.94,50.1,8.76,0.02,0.02,0.0,317.0,0.004889913,0.0557,0.2,-1.5,0.189,0.0003,7.62,510.0,-0.00583,18.9
v4_killfast,434176.0,,0.144,0.0,,40.5,6.13,316.0,53.0,1370.0,0.97,40.5,6.13,0.0,0.01,0.0,347.0,0.0069386885,0.0542,0.2,-1.52,0.357,0.0003,3.56,520.0,-0.00389,13.6
v4_killfast,442368.0,,0.13,0.0,,51.8,5.65,314.0,54.0,1405.0,0.94,51.8,5.65,0.0,0.03,0.0,359.0,0.007020001,0.0682,0.2,-1.45,0.551,0.0003,1.69,530.0,-0.00639,3.09
v4_killfast,450560.0,,0.178,0.0,,56.2,7.01,315.0,55.0,1428.0,0.92,56.2,7.01,0.0,0.04,0.0,325.0,0.007123325,0.0799,0.2,-1.28,0.701,0.0003,0.713,540.0,-0.0046,1.7
v4_killfast,458752.0,,0.142,0.0331,,24.6,4.43,314.0,56.0,1456.0,0.97,24.6,4.43,0.0,0.03,0.0,390.0,0.00660785,0.0715,0.2,-1.32,0.69,0.0003,1.3,550.0,-0.00385,2.2
v4_killfast,466944.0,,0.115,0.0,,34.7,4.29,314.0,57.0,1485.0,0.97,34.7,4.29,0.0,0.02,0.0,393.0,0.005017856,0.0383,0.2,-1.29,0.153,0.0003,5.08,560.0,-0.00436,10.7
v4_killfast,475136.0,,0.136,0.0,,57.4,6.88,314.0,58.0,1509.0,0.96,57.4,6.88,0.0,0.01,0.0,329.0,0.008893773,0.1,0.2,-1.39,0.663,0.0003,0.711,570.0,-0.00517,1.54
v4_killfast,483328.0,,0.205,0.00862,,38.1,7.83,313.0,59.0,1540.0,0.97,38.1,7.83,0.01,0.01,0.0,322.0,0.008054867,0.0743,0.2,-1.34,0.733,0.0003,0.749,580.0,-0.00359,1.55
v4_killfast,491520.0,,0.157,0.0,,43.9,6.45,314.0,60.0,1563.0,0.98,43.9,6.45,0.0,0.01,0.0,339.0,0.0051503447,0.048,0.2,-1.18,0.394,0.0003,1.56,590.0,-0.00391,7.32
v4_killfast,499712.0,,0.171,0.0,,39.7,5.25,313.0,61.0,1592.0,0.97,39.7,5.25,0.0,0.01,0.0,369.0,0.009927336,0.0884,0.2,-1.2,0.675,0.0003,0.849,600.0,-0.00649,1.68
v4_killfast,507904.0,,0.143,0.0169,,35.6,4.58,312.0,62.0,1626.0,0.97,35.6,4.58,0.0,0.02,0.0,386.0,0.005541973,0.0657,0.2,-1.16,0.708,0.0003,0.965,610.0,-0.0046,1.93
v4_killfast,516096.0,,0.122,0.0,,47.3,5.82,311.0,63.0,1655.0,0.96,47.3,5.82,0.0,0.02,0.0,355.0,0.0059075854,0.0545,0.2,-1.21,0.226,0.0003,1.28,620.0,-0.00513,10.8
v4_killfast,524288.0,,0.102,0.0,,56.4,5.05,312.0,64.0,1678.0,0.96,56.4,5.05,0.0,0.0,0.0,374.0,0.008364582,0.0848,0.2,-1.44,0.746,0.0003,0.652,630.0,-0.00473,1.56
v4_killfast,532480.0,,0.104,0.00809,,60.8,7.85,310.0,65.0,1712.0,0.95,60.8,7.85,0.01,0.01,0.0,321.0,0.008845668,0.0945,0.2,-1.52,0.787,0.0003,0.608,640.0,-0.00564,1.36
v4_killfast,540672.0,,0.154,0.00825,,53.8,7.17,310.0,66.0,1740.0,0.94,53.8,7.17,0.01,0.02,0.0,338.0,0.006976314,0.0568,0.2,-1.45,0.58,0.0003,1.33,650.0,-0.00418,5.18
v4_killfast,548864.0,,0.188,0.0,,29.8,6.01,308.0,67.0,1778.0,1.0,29.8,6.01,0.0,0.0,0.0,350.0,0.005550104,0.0552,0.2,-1.2,0.448,0.0003,2.16,660.0,-0.00359,5.19
v4_killfast,557056.0,,0.139,0.00829,,49.0,7.07,308.0,68.0,1808.0,0.95,49.0,7.07,0.01,0.02,0.0,341.0,0.006579143,0.0774,0.2,-1.06,0.542,0.0003,1.33,670.0,-0.00506,2.42
v5_killfast_ent,8192.0,,0.0453,0.0,,8.93,0.237,235.0,1.0,34.0,1.0,8.93,0.237,0.0,0.0,0.0,494.0,,,,,,,,,,
v5_killfast_ent,16384.0,,0.0488,0.0,,20.4,1.42,253.0,2.0,64.0,0.99,20.4,1.42,0.0,0.01,0.0,465.0,0.01170182,0.119,0.2,-2.56,0.0196,0.0003,0.183,10.0,-0.0153,0.596
v5_killfast_ent,24576.0,,0.0594,0.0,,27.3,1.85,277.0,3.0,88.0,0.98,27.3,1.85,0.0,0.01,0.0,454.0,0.0107605215,0.112,0.2,-2.53,0.248,0.0003,0.313,20.0,-0.0158,0.685
v5_killfast_ent,32768.0,,0.0561,0.0,,22.3,1.39,298.0,4.0,109.0,0.96,22.3,1.39,0.0,0.03,0.0,465.0,0.010132037,0.109,0.2,-2.51,0.36,0.0003,0.383,30.0,-0.0158,0.94
v5_killfast_ent,40960.0,,0.0762,0.0,,23.0,1.16,291.0,5.0,140.0,0.94,23.0,1.16,0.0,0.04,0.0,471.0,0.0114259105,0.119,0.2,-2.49,0.413,0.0003,0.299,40.0,-0.018,0.782
v5_killfast_ent,49152.0,,0.0977,0.0,,19.8,2.57,311.0,6.0,157.0,0.98,19.8,2.57,0.0,0.02,0.0,436.0,0.009146854,0.101,0.2,-2.45,0.461,0.0003,0.3,50.0,-0.0153,1.06
v5_killfast_ent,57344.0,,0.0965,0.0,,25.0,1.56,318.0,7.0,179.0,0.94,25.0,1.56,0.0,0.04,0.0,461.0,0.0092584025,0.0962,0.2,-2.42,0.54,0.0003,0.361,60.0,-0.0131,1.28
v5_killfast_ent,65536.0,,0.11,0.0,,31.2,2.82,321.0,8.0,204.0,0.97,31.2,2.82,0.0,0.01,0.0,430.0,0.008448745,0.0792,0.2,-2.39,0.609,0.0003,0.736,70.0,-0.0131,1.4
v5_killfast_ent,73728.0,,0.125,0.0,,33.0,2.33,323.0,9.0,228.0,0.95,33.0,2.33,0.0,0.02,0.0,442.0,0.009257196,0.0874,0.2,-2.33,0.652,0.0003,0.619,80.0,-0.0126,1.42
v5_killfast_ent,81920.0,,0.133,0.0,,18.0,2.97,316.0,10.0,258.0,0.95,18.0,2.97,0.0,0.05,0.0,426.0,0.008324007,0.0658,0.2,-2.29,0.651,0.0003,0.697,90.0,-0.00863,1.63
v5_killfast_ent,90112.0,,0.153,0.0,,30.0,3.88,319.0,11.0,281.0,0.97,30.0,3.88,0.0,0.02,0.0,403.0,0.008411525,0.0909,0.2,-2.18,0.478,0.0003,0.772,100.0,-0.014,1.93
v5_killfast_ent,98304.0,,0.11,0.0,,40.1,4.88,321.0,12.0,305.0,0.93,40.1,4.88,0.0,0.05,0.0,378.0,0.010107512,0.0849,0.2,-2.17,0.596,0.0003,0.907,110.0,-0.00987,2.1
v5_killfast_ent,106496.0,,0.128,0.0,,27.7,2.74,315.0,13.0,337.0,0.94,27.7,2.74,0.0,0.04,0.0,432.0,0.008864554,0.0658,0.2,-2.2,0.651,0.0003,0.443,120.0,-0.00721,1.51
v5_killfast_ent,114688.0,,0.129,0.0,,37.8,4.79,323.0,14.0,355.0,0.94,37.8,4.79,0.0,0.04,0.0,380.0,0.008071046,0.0744,0.2,-2.09,0.568,0.0003,0.72,130.0,-0.011,1.98
v5_killfast_ent,122880.0,,0.125,0.00819,,38.6,6.42,328.0,15.0,373.0,0.96,38.6,6.42,0.01,0.02,0.0,357.0,0.0062124906,0.0521,0.2,-2.11,0.69,0.0003,0.797,140.0,-0.00405,1.74
v5_killfast_ent,131072.0,,0.155,0.00851,,35.1,6.0,331.0,16.0,395.0,0.93,35.1,6.0,0.01,0.04,0.0,368.0,0.007476686,0.0582,0.2,-2.11,0.403,0.0003,14.2,150.0,-0.00727,6.27
v5_killfast_ent,139264.0,,0.119,0.0,,39.7,5.57,334.0,17.0,416.0,0.96,39.7,5.57,0.0,0.03,0.0,361.0,0.0052538365,0.049,0.2,-2.03,0.432,0.0003,3.32,160.0,-0.00421,7.38
v5_killfast_ent,147456.0,,0.116,0.00847,,75.0,8.69,340.0,18.0,433.0,0.92,75.0,8.69,0.01,0.02,0.0,301.0,0.0070883343,0.0746,0.2,-2.08,0.62,0.0003,0.703,170.0,-0.00613,1.84
v5_killfast_ent,155648.0,,0.123,0.0,,48.1,5.8,341.0,19.0,455.0,0.96,48.1,5.8,0.0,0.02,0.0,356.0,0.0059922594,0.039,0.2,-2.15,0.434,0.0003,4.6,180.0,-0.00385,6.04
v5_killfast_ent,163840.0,,0.196,0.00859,,25.0,5.63,342.0,20.0,478.0,0.98,25.0,5.63,0.01,0.01,0.0,377.0,0.00716366,0.0642,0.2,-2.08,0.694,0.0003,1.22,190.0,-0.00587,1.9
v5_killfast_ent,172032.0,,0.147,0.0336,,33.7,4.91,344.0,21.0,500.0,0.98,33.7,4.91,0.0,0.01,0.0,378.0,0.008421287,0.0545,0.2,-2.03,0.378,0.0003,3.48,200.0,-0.00458,8.71
v5_killfast_ent,180224.0,,0.145,0.0,,40.1,5.48,344.0,22.0,523.0,0.97,40.1,5.48,0.0,0.01,0.0,363.0,0.006670926,0.0317,0.2,-2.1,0.223,0.0003,13.5,210.0,-0.00254,18.4
v5_killfast_ent,188416.0,,0.15,0.0,,31.0,4.97,345.0,23.0,545.0,0.98,31.0,4.97,0.0,0.01,0.0,376.0,0.008067099,0.0659,0.2,-2.15,0.524,0.0003,1.45,220.0,-0.00619,3.44
v5_killfast_ent,196608.0,,0.134,0.0,,55.7,6.15,351.0,24.0,559.0,0.95,55.7,6.15,0.0,0.02,0.0,347.0,0.009546206,0.0828,0.2,-2.12,0.637,0.0003,1.65,230.0,-0.00766,2.77
v5_killfast_ent,204800.0,,0.138,0.0173,,48.0,7.79,354.0,25.0,577.0,0.95,48.0,7.79,0.02,0.0,0.0,341.0,0.0081791645,0.0788,0.2,-2.16,0.757,0.0003,0.661,240.0,-0.00807,1.75
v5_killfast_ent,212992.0,,0.144,0.0338,,77.9,12.4,361.0,26.0,588.0,0.9,77.9,12.4,0.04,0.02,0.0,259.0,0.007369291,0.0651,0.2,-2.14,0.27,0.0003,5.76,250.0,-0.00629,12.2
v5_killfast_ent,221184.0,,0.16,0.0,,32.6,4.19,364.0,27.0,606.0,0.94,32.6,4.19,0.0,0.04,0.0,396.0,0.006679972,0.0472,0.2,-2.19,0.266,0.0003,2.18,260.0,-0.00489,18.7
v5_killfast_ent,229376.0,,0.112,0.0,,69.2,6.71,367.0,28.0,624.0,0.91,69.2,6.71,0.0,0.04,0.0,333.0,0.009458976,0.101,0.2,-2.06,0.547,0.0003,1.2,270.0,-0.0111,3.18
